track_id,title,artist,album,duration_sec,download_url,filename,genre
168,J'm'e FPM,TriFace,Premiers Jets,183.0,https://prod-1.storage.jamendo.com/download/track/168/mp32/,168.mp3,rock
169,Trio HxC,TriFace,Premiers Jets,101.0,https://prod-1.storage.jamendo.com/download/track/169/mp32/,169.mp3,metal
170,Un Poil De Relifion,TriFace,Premiers Jets,207.0,https://prod-1.storage.jamendo.com/download/track/170/mp32/,170.mp3,metal
171,Apologies,TriFace,Premiers Jets,145.0,https://prod-1.storage.jamendo.com/download/track/171/mp32/,171.mp3,rock
172,Je Vomis Comme Je Chante,TriFace,Premiers Jets,177.0,https://prod-1.storage.jamendo.com/download/track/172/mp32/,172.mp3,rock
174,Mind Asylum,Skaut,Mind Asylum,183.0,https://prod-1.storage.jamendo.com/download/track/174/mp32/,174.mp3,rock
214,Intro chiante,David TMX,Pouce !,124.0,https://prod-1.storage.jamendo.com/download/track/214/mp32/,214.mp3,punk
215,Aide toi...,David TMX,Pouce !,151.0,https://prod-1.storage.jamendo.com/download/track/215/mp32/,215.mp3,metal
216,Une charogne,David TMX,Pouce !,234.0,https://prod-1.storage.jamendo.com/download/track/216/mp32/,216.mp3,metal
217,Aimons nous...,David TMX,Pouce !,127.0,https://prod-1.storage.jamendo.com/download/track/217/mp32/,217.mp3,metal
218,Jouvencelle,David TMX,Pouce !,180.0,https://prod-1.storage.jamendo.com/download/track/218/mp32/,218.mp3,punk
219,L'homme pouce,David TMX,Pouce !,199.0,https://prod-1.storage.jamendo.com/download/track/219/mp32/,219.mp3,metal
220,Y'a un truc,David TMX,Pouce !,174.0,https://prod-1.storage.jamendo.com/download/track/220/mp32/,220.mp3,punk
221,LVO Hardcore,David TMX,Pouce !,224.0,https://prod-1.storage.jamendo.com/download/track/221/mp32/,221.mp3,punk
222,Que du naturel,David TMX,Pouce !,161.0,https://prod-1.storage.jamendo.com/download/track/222/mp32/,222.mp3,punk
223,Voici le gala,David TMX,Pouce !,217.0,https://prod-1.storage.jamendo.com/download/track/223/mp32/,223.mp3,metal
224,Croquemitaine,David TMX,Pouce !,109.0,https://prod-1.storage.jamendo.com/download/track/224/mp32/,224.mp3,rock
225,Histoire de grouin,David TMX,Pouce !,205.0,https://prod-1.storage.jamendo.com/download/track/225/mp32/,225.mp3,punk
226,JLP vs momomatic,David TMX,Pouce !,222.0,https://prod-1.storage.jamendo.com/download/track/226/mp32/,226.mp3,metal
227,Légionnaire zoophile,David TMX,Pouce !,245.0,https://prod-1.storage.jamendo.com/download/track/227/mp32/,227.mp3,metal
228,La frontière,David TMX,Pouce !,190.0,https://prod-1.storage.jamendo.com/download/track/228/mp32/,228.mp3,rock
229,Headbanger,David TMX,Pouce !,180.0,https://prod-1.storage.jamendo.com/download/track/229/mp32/,229.mp3,metal
230,Noxious,David TMX,Pouce !,124.0,https://prod-1.storage.jamendo.com/download/track/230/mp32/,230.mp3,metal
231,Ralalalatouf,David TMX,Pouce !,276.0,https://prod-1.storage.jamendo.com/download/track/231/mp32/,231.mp3,metal
234,Mérinos - Suite andropause Part 1,Various Artists,CD KDO-PYLEFT,379.0,https://prod-1.storage.jamendo.com/download/track/234/mp32/,234.mp3,folk
241,Simple Exercice,Both,Simple Exercice,340.0,https://prod-1.storage.jamendo.com/download/track/241/mp32/,241.mp3,rock
242,Réveille le Hippie,Both,Simple Exercice,248.0,https://prod-1.storage.jamendo.com/download/track/242/mp32/,242.mp3,rock
243,The Monster,Both,Simple Exercice,249.0,https://prod-1.storage.jamendo.com/download/track/243/mp32/,243.mp3,rock
244,Qui Déchante,Both,Simple Exercice,270.0,https://prod-1.storage.jamendo.com/download/track/244/mp32/,244.mp3,rock
245,J.E.T. Apostrophe A.I.M.E,Both,Simple Exercice,155.0,https://prod-1.storage.jamendo.com/download/track/245/mp32/,245.mp3,rock
246,Take Up Arms,Both,Simple Exercice,239.0,https://prod-1.storage.jamendo.com/download/track/246/mp32/,246.mp3,rock
247,Je le veux aussi,Both,Simple Exercice,85.0,https://prod-1.storage.jamendo.com/download/track/247/mp32/,247.mp3,pop
285,Zé Glisse,Alchimie,Adversité,226.0,https://prod-1.storage.jamendo.com/download/track/285/mp32/,285.mp3,pop
286,Terroriste terrorisé,Alchimie,Adversité,305.0,https://prod-1.storage.jamendo.com/download/track/286/mp32/,286.mp3,pop
287,Portées Disparues (Femmes sans visage),Alchimie,Adversité,197.0,https://prod-1.storage.jamendo.com/download/track/287/mp32/,287.mp3,pop
381,Go down Moses (Negro Spiritual),Les Petits Chanteurs de Montigny,Compilation classique,182.0,https://prod-1.storage.jamendo.com/download/track/381/mp32/,381.mp3,classical
382,Soon and Very Soon (Negro Spiritual),Les Petits Chanteurs de Montigny,Compilation classique,211.0,https://prod-1.storage.jamendo.com/download/track/382/mp32/,382.mp3,choral
383,Go tell it on the mountain (Negro Spiritual),Les Petits Chanteurs de Montigny,Compilation classique,113.0,https://prod-1.storage.jamendo.com/download/track/383/mp32/,383.mp3,choral
384,Let us break bread (Negro Spiritual),Les Petits Chanteurs de Montigny,Compilation classique,115.0,https://prod-1.storage.jamendo.com/download/track/384/mp32/,384.mp3,classical
385,Ave Maria (Sylvain Zimmer),Les Petits Chanteurs de Montigny,Compilation classique,177.0,https://prod-1.storage.jamendo.com/download/track/385/mp32/,385.mp3,classical
386,Cantate Domino (Johann Crüger),Les Petits Chanteurs de Montigny,Compilation classique,103.0,https://prod-1.storage.jamendo.com/download/track/386/mp32/,386.mp3,classical
387,Cantique de Jean Racine (Gabriel Fauré),Les Petits Chanteurs de Montigny,Compilation classique,257.0,https://prod-1.storage.jamendo.com/download/track/387/mp32/,387.mp3,gospel
389,Nocturnes (W.A. Mozart),Les Petits Chanteurs de Montigny,Compilation classique,150.0,https://prod-1.storage.jamendo.com/download/track/389/mp32/,389.mp3,choral
390,Psaume 61 (Joseph Haydn),Les Petits Chanteurs de Montigny,Compilation classique,133.0,https://prod-1.storage.jamendo.com/download/track/390/mp32/,390.mp3,classical
391,Cantate Domino (G.O. Pitoni),Les Petits Chanteurs de Montigny,Compilation classique,82.0,https://prod-1.storage.jamendo.com/download/track/391/mp32/,391.mp3,choral
392,Messe à 3 voix (Antonio Lotti),Les Petits Chanteurs de Montigny,Compilation classique,127.0,https://prod-1.storage.jamendo.com/download/track/392/mp32/,392.mp3,choral
393,O bone Jesu (C.G. Reissiger),Les Petits Chanteurs de Montigny,Compilation classique,132.0,https://prod-1.storage.jamendo.com/download/track/393/mp32/,393.mp3,choral
394,Alma Redemptoris Mater (G.P. da Palestrina),Les Petits Chanteurs de Montigny,Compilation classique,143.0,https://prod-1.storage.jamendo.com/download/track/394/mp32/,394.mp3,choral
395,L'immensité du firmament (Benedetto Marcello),Les Petits Chanteurs de Montigny,Compilation classique,111.0,https://prod-1.storage.jamendo.com/download/track/395/mp32/,395.mp3,choral
665,La Marchande de foie,Le P'tit Jean,12 Petits Chants,47.0,https://prod-1.storage.jamendo.com/download/track/665/mp32/,665.mp3,pop
666,Chanson hebdomadaire,Le P'tit Jean,12 Petits Chants,191.0,https://prod-1.storage.jamendo.com/download/track/666/mp32/,666.mp3,pop
667,La pauvre enfant,Le P'tit Jean,12 Petits Chants,256.0,https://prod-1.storage.jamendo.com/download/track/667/mp32/,667.mp3,pop
668,Des vacances comme ça...,Le P'tit Jean,12 Petits Chants,272.0,https://prod-1.storage.jamendo.com/download/track/668/mp32/,668.mp3,pop
669,4 Saisons,Le P'tit Jean,12 Petits Chants,272.0,https://prod-1.storage.jamendo.com/download/track/669/mp32/,669.mp3,pop
670,Chanson porno,Le P'tit Jean,12 Petits Chants,267.0,https://prod-1.storage.jamendo.com/download/track/670/mp32/,670.mp3,pop
671,La galette des rois,Le P'tit Jean,12 Petits Chants,212.0,https://prod-1.storage.jamendo.com/download/track/671/mp32/,671.mp3,pop
672,Chacun son truc,Le P'tit Jean,12 Petits Chants,222.0,https://prod-1.storage.jamendo.com/download/track/672/mp32/,672.mp3,pop
673,Le silence,Le P'tit Jean,12 Petits Chants,138.0,https://prod-1.storage.jamendo.com/download/track/673/mp32/,673.mp3,pop
674,Paris,Le P'tit Jean,12 Petits Chants,212.0,https://prod-1.storage.jamendo.com/download/track/674/mp32/,674.mp3,pop
675,Les conciliabules,Le P'tit Jean,12 Petits Chants,484.0,https://prod-1.storage.jamendo.com/download/track/675/mp32/,675.mp3,pop
676,Joli mois de mai,Le P'tit Jean,12 Petits Chants,74.0,https://prod-1.storage.jamendo.com/download/track/676/mp32/,676.mp3,pop
759,Sunlight,Vavrek,00,379.0,https://prod-1.storage.jamendo.com/download/track/759/mp32/,759.mp3,poprock
760,World that you know,Vavrek,00,186.0,https://prod-1.storage.jamendo.com/download/track/760/mp32/,760.mp3,pop
761,Modern Life,Vavrek,00,203.0,https://prod-1.storage.jamendo.com/download/track/761/mp32/,761.mp3,rock
762,Healing Luna,Vavrek,00,406.0,https://prod-1.storage.jamendo.com/download/track/762/mp32/,762.mp3,indie
763,Dance,Vavrek,00,145.0,https://prod-1.storage.jamendo.com/download/track/763/mp32/,763.mp3,folk
764,Peace on earth,Vavrek,00,220.0,https://prod-1.storage.jamendo.com/download/track/764/mp32/,764.mp3,pop
765,Bedtime,Vavrek,00,233.0,https://prod-1.storage.jamendo.com/download/track/765/mp32/,765.mp3,folk
766,Balance,Vavrek,01,216.0,https://prod-1.storage.jamendo.com/download/track/766/mp32/,766.mp3,folk
767,Once Again,Vavrek,01,235.0,https://prod-1.storage.jamendo.com/download/track/767/mp32/,767.mp3,pop
768,School,Vavrek,01,292.0,https://prod-1.storage.jamendo.com/download/track/768/mp32/,768.mp3,pop
769,You are,Vavrek,01,84.0,https://prod-1.storage.jamendo.com/download/track/769/mp32/,769.mp3,pop
770,People to the Power,Vavrek,01,216.0,https://prod-1.storage.jamendo.com/download/track/770/mp32/,770.mp3,pop
771,Golden Leaves,Vavrek,01,160.0,https://prod-1.storage.jamendo.com/download/track/771/mp32/,771.mp3,pop
772,Journey's End,Vavrek,01,274.0,https://prod-1.storage.jamendo.com/download/track/772/mp32/,772.mp3,country
773,The Final Rewind,Tryad,Tryad Demo (Public Domain),275.0,https://prod-1.storage.jamendo.com/download/track/773/mp32/,773.mp3,rock
774,I see,Tryad,Tryad Demo (Public Domain),239.0,https://prod-1.storage.jamendo.com/download/track/774/mp32/,774.mp3,electronic
775,Seduction,Tryad,Tryad Demo (Public Domain),198.0,https://prod-1.storage.jamendo.com/download/track/775/mp32/,775.mp3,triphop
776,Our Lives change,Tryad,Tryad Demo (Public Domain),190.0,https://prod-1.storage.jamendo.com/download/track/776/mp32/,776.mp3,pop
791,Burn,Bluster,First Thrills,234.0,https://prod-1.storage.jamendo.com/download/track/791/mp32/,791.mp3,rock
808,Seven Months,AMPM,Silver Spoon,265.0,https://prod-1.storage.jamendo.com/download/track/808/mp32/,808.mp3,indierock
809,Silver Spoon,AMPM,Silver Spoon,212.0,https://prod-1.storage.jamendo.com/download/track/809/mp32/,809.mp3,indie
810,Say me Good Bye,AMPM,Silver Spoon,642.0,https://prod-1.storage.jamendo.com/download/track/810/mp32/,810.mp3,pop
843,Perdre le Nord,AMPM,Démo 2005,298.0,https://prod-1.storage.jamendo.com/download/track/843/mp32/,843.mp3,pop
844,Politique d'autruche,AMPM,Démo 2005,172.0,https://prod-1.storage.jamendo.com/download/track/844/mp32/,844.mp3,poprock
851,La Kiffonisation est en marche,Kiff'On,Nés Funky,131.0,https://prod-1.storage.jamendo.com/download/track/851/mp32/,851.mp3,disco
852,Né Funky,Kiff'On,Nés Funky,250.0,https://prod-1.storage.jamendo.com/download/track/852/mp32/,852.mp3,funk
853,Kung-Fu Funk,Kiff'On,Nés Funky,226.0,https://prod-1.storage.jamendo.com/download/track/853/mp32/,853.mp3,funk
854,Miss,Kiff'On,Nés Funky,246.0,https://prod-1.storage.jamendo.com/download/track/854/mp32/,854.mp3,pop
855,Jet Set,Kiff'On,Nés Funky,208.0,https://prod-1.storage.jamendo.com/download/track/855/mp32/,855.mp3,funk
856,Agathe,Kiff'On,Nés Funky,182.0,https://prod-1.storage.jamendo.com/download/track/856/mp32/,856.mp3,funk
919,"Le Rhum, la Mer",Binary Mind,Binary Mind (CD2),251.0,https://prod-1.storage.jamendo.com/download/track/919/mp32/,919.mp3,rock
920,Aurore,Binary Mind,Binary Mind (CD2),197.0,https://prod-1.storage.jamendo.com/download/track/920/mp32/,920.mp3,rock
921,Le Vent de Sable,Binary Mind,Binary Mind (CD2),264.0,https://prod-1.storage.jamendo.com/download/track/921/mp32/,921.mp3,rock
922,Smiles from Above,Binary Mind,Binary Mind (CD2),272.0,https://prod-1.storage.jamendo.com/download/track/922/mp32/,922.mp3,rock
923,Useless Feelings for Useless Minds,Binary Mind,Binary Mind (CD2),205.0,https://prod-1.storage.jamendo.com/download/track/923/mp32/,923.mp3,rock
924,Mother Earth Behind,Binary Mind,Binary Mind (CD2),206.0,https://prod-1.storage.jamendo.com/download/track/924/mp32/,924.mp3,rock
925,Goodbye Sun,Binary Mind,Binary Mind (CD2),258.0,https://prod-1.storage.jamendo.com/download/track/925/mp32/,925.mp3,rock
926,L'Oiseau Monde,Binary Mind,Binary Mind (CD2),336.0,https://prod-1.storage.jamendo.com/download/track/926/mp32/,926.mp3,rock
946,Emptiness,Alexander Blu,May,241.0,https://prod-1.storage.jamendo.com/download/track/946/mp32/,946.mp3,downtempo
947,Concert,Alexander Blu,May,182.0,https://prod-1.storage.jamendo.com/download/track/947/mp32/,947.mp3,triphop
948,Victory,Alexander Blu,May,212.0,https://prod-1.storage.jamendo.com/download/track/948/mp32/,948.mp3,downtempo
949,Love,Alexander Blu,May,211.0,https://prod-1.storage.jamendo.com/download/track/949/mp32/,949.mp3,downtempo
950,May,Alexander Blu,May,247.0,https://prod-1.storage.jamendo.com/download/track/950/mp32/,950.mp3,techno
951,Nostalgia,Alexander Blu,May,199.0,https://prod-1.storage.jamendo.com/download/track/951/mp32/,951.mp3,techno
952,Drop,Alexander Blu,May,291.0,https://prod-1.storage.jamendo.com/download/track/952/mp32/,952.mp3,electronic
953,Cosmo,Alexander Blu,May,181.0,https://prod-1.storage.jamendo.com/download/track/953/mp32/,953.mp3,downtempo
954,Sea Song,Alexander Blu,May,218.0,https://prod-1.storage.jamendo.com/download/track/954/mp32/,954.mp3,newage
955,Spider,Alexander Blu,May,217.0,https://prod-1.storage.jamendo.com/download/track/955/mp32/,955.mp3,downtempo
956,After all,Alexander Blu,May,380.0,https://prod-1.storage.jamendo.com/download/track/956/mp32/,956.mp3,downtempo
957,Democracy,Alexander Blu,May,239.0,https://prod-1.storage.jamendo.com/download/track/957/mp32/,957.mp3,downtempo
958,After all (part 2),Alexander Blu,May,246.0,https://prod-1.storage.jamendo.com/download/track/958/mp32/,958.mp3,downtempo
1091,Intro,Religionnaire,Religionnaire I,138.0,https://prod-1.storage.jamendo.com/download/track/1091/mp32/,1091.mp3,pop
1092,The Game,Religionnaire,Religionnaire I,437.0,https://prod-1.storage.jamendo.com/download/track/1092/mp32/,1092.mp3,pop
1093,Marion in the Morning,Religionnaire,Religionnaire I,237.0,https://prod-1.storage.jamendo.com/download/track/1093/mp32/,1093.mp3,pop
1094,Fuckin' Sound,Religionnaire,Religionnaire I,271.0,https://prod-1.storage.jamendo.com/download/track/1094/mp32/,1094.mp3,pop
1095,I Was Just a Looser,Religionnaire,Religionnaire I,312.0,https://prod-1.storage.jamendo.com/download/track/1095/mp32/,1095.mp3,pop
1096,Lullaby,Religionnaire,Religionnaire I,749.0,https://prod-1.storage.jamendo.com/download/track/1096/mp32/,1096.mp3,pop
1097,Jonathan,Religionnaire,Religionnaire I,354.0,https://prod-1.storage.jamendo.com/download/track/1097/mp32/,1097.mp3,folk
1098,Escape From Madness,Religionnaire,Religionnaire I,494.0,https://prod-1.storage.jamendo.com/download/track/1098/mp32/,1098.mp3,pop
1099,"Leave Me, Let Me Die",Religionnaire,Religionnaire I,522.0,https://prod-1.storage.jamendo.com/download/track/1099/mp32/,1099.mp3,pop
1100,En attendant d'aller sur Mars,Both,En attendant d'aller sur Mars...,308.0,https://prod-1.storage.jamendo.com/download/track/1100/mp32/,1100.mp3,rock
1101,Axel,Both,En attendant d'aller sur Mars...,293.0,https://prod-1.storage.jamendo.com/download/track/1101/mp32/,1101.mp3,pop
1102,Une charogne,Both,En attendant d'aller sur Mars...,280.0,https://prod-1.storage.jamendo.com/download/track/1102/mp32/,1102.mp3,rock
1103,I'm leaving,Both,En attendant d'aller sur Mars...,234.0,https://prod-1.storage.jamendo.com/download/track/1103/mp32/,1103.mp3,metal
1104,Elles disent,Both,En attendant d'aller sur Mars...,241.0,https://prod-1.storage.jamendo.com/download/track/1104/mp32/,1104.mp3,rock
1105,Now or never,Both,En attendant d'aller sur Mars...,255.0,https://prod-1.storage.jamendo.com/download/track/1105/mp32/,1105.mp3,rock
1106,La forteresse vide,Both,En attendant d'aller sur Mars...,160.0,https://prod-1.storage.jamendo.com/download/track/1106/mp32/,1106.mp3,pop
1107,Quand on a pas ce que l'on aime,Both,En attendant d'aller sur Mars...,160.0,https://prod-1.storage.jamendo.com/download/track/1107/mp32/,1107.mp3,rock
1108,In vino veritas,Both,En attendant d'aller sur Mars...,221.0,https://prod-1.storage.jamendo.com/download/track/1108/mp32/,1108.mp3,rock
1110,Ma foi,Abdou Day,Libre,270.0,https://prod-1.storage.jamendo.com/download/track/1110/mp32/,1110.mp3,reggae
1112,Tia Hody,Abdou Day,Libre,273.0,https://prod-1.storage.jamendo.com/download/track/1112/mp32/,1112.mp3,reggae
1113,Who are you ?,Abdou Day,Libre,303.0,https://prod-1.storage.jamendo.com/download/track/1113/mp32/,1113.mp3,reggae
1114,Hypocrites,Abdou Day,Libre,253.0,https://prod-1.storage.jamendo.com/download/track/1114/mp32/,1114.mp3,reggae
1118,Andeha Ahia At Sika ?,Abdou Day,Libre,299.0,https://prod-1.storage.jamendo.com/download/track/1118/mp32/,1118.mp3,reggae
1120,Jaoranary,Abdou Day,Libre,218.0,https://prod-1.storage.jamendo.com/download/track/1120/mp32/,1120.mp3,reggae
1133,Ego kiss,Fast Friday,Memories in our mirrors,230.0,https://prod-1.storage.jamendo.com/download/track/1133/mp32/,1133.mp3,rock
1154,The GWB Suite pt. I : Dysphoria,Religionnaire,Religionnaire II,403.0,https://prod-1.storage.jamendo.com/download/track/1154/mp32/,1154.mp3,pop
1155,The GWB Suite pt. II : KritiK,Religionnaire,Religionnaire II,441.0,https://prod-1.storage.jamendo.com/download/track/1155/mp32/,1155.mp3,pop
1156,The GWB Suite pt. III : The Bubble,Religionnaire,Religionnaire II,420.0,https://prod-1.storage.jamendo.com/download/track/1156/mp32/,1156.mp3,pop
1157,Inside...,Religionnaire,Religionnaire II,230.0,https://prod-1.storage.jamendo.com/download/track/1157/mp32/,1157.mp3,pop
1158,Yestergain,Religionnaire,Religionnaire II,375.0,https://prod-1.storage.jamendo.com/download/track/1158/mp32/,1158.mp3,pop
1159,The SS pt.I : Suckno,Religionnaire,Religionnaire II,77.0,https://prod-1.storage.jamendo.com/download/track/1159/mp32/,1159.mp3,pop
1160,The SS pt. II : Mindrop,Religionnaire,Religionnaire II,355.0,https://prod-1.storage.jamendo.com/download/track/1160/mp32/,1160.mp3,pop
1161,Marion,Religionnaire,Religionnaire II,323.0,https://prod-1.storage.jamendo.com/download/track/1161/mp32/,1161.mp3,pop
1162,...Outside,Religionnaire,Religionnaire II,265.0,https://prod-1.storage.jamendo.com/download/track/1162/mp32/,1162.mp3,pop
1163,Quand tu es là,Marc,Je souris aux passants,274.0,https://prod-1.storage.jamendo.com/download/track/1163/mp32/,1163.mp3,rock
1176,les trains,...anabase*,expédition vers l'intérieur,307.0,https://prod-1.storage.jamendo.com/download/track/1176/mp32/,1176.mp3,pop
1225,Funkytude,laMundial.net,By The Face (live),275.0,https://prod-1.storage.jamendo.com/download/track/1225/mp32/,1225.mp3,funk
1260,Comfort,Talking Cure,Hausarbeit,129.0,https://prod-1.storage.jamendo.com/download/track/1260/mp32/,1260.mp3,pop
1261,Chanson pour elle,Talking Cure,Hausarbeit,223.0,https://prod-1.storage.jamendo.com/download/track/1261/mp32/,1261.mp3,chansonfrancaise
1262,Mud,Talking Cure,Hausarbeit,209.0,https://prod-1.storage.jamendo.com/download/track/1262/mp32/,1262.mp3,pop
1263,A Song Of Suicide,Talking Cure,Hausarbeit,256.0,https://prod-1.storage.jamendo.com/download/track/1263/mp32/,1263.mp3,pop
1264,A Mediocre Man,Talking Cure,Hausarbeit,206.0,https://prod-1.storage.jamendo.com/download/track/1264/mp32/,1264.mp3,pop
1265,A Grain Of Sand,Talking Cure,Hausarbeit,115.0,https://prod-1.storage.jamendo.com/download/track/1265/mp32/,1265.mp3,pop
1266,A Rolling Stone,Talking Cure,Hausarbeit,285.0,https://prod-1.storage.jamendo.com/download/track/1266/mp32/,1266.mp3,pop
1267,Freundliche Welt,Talking Cure,Hausarbeit,86.0,https://prod-1.storage.jamendo.com/download/track/1267/mp32/,1267.mp3,pop
1268,Interlude,Talking Cure,Hausarbeit,235.0,https://prod-1.storage.jamendo.com/download/track/1268/mp32/,1268.mp3,classical
1269,Hausarbeit,Talking Cure,Hausarbeit,180.0,https://prod-1.storage.jamendo.com/download/track/1269/mp32/,1269.mp3,electronic
1270,Without You,Talking Cure,Hausarbeit,148.0,https://prod-1.storage.jamendo.com/download/track/1270/mp32/,1270.mp3,rock
1271,So Sad Monday,Talking Cure,Hausarbeit,116.0,https://prod-1.storage.jamendo.com/download/track/1271/mp32/,1271.mp3,rock
1286,fuori senso,Pull My Daisy (Ex Lillian Gish),Yellow Cake & Velvet Crash,312.0,https://prod-1.storage.jamendo.com/download/track/1286/mp32/,1286.mp3,rock
1287,tagliamento,Pull My Daisy (Ex Lillian Gish),Yellow Cake & Velvet Crash,260.0,https://prod-1.storage.jamendo.com/download/track/1287/mp32/,1287.mp3,rock
1288,norman mailer (two things among an infinity of others),Pull My Daisy (Ex Lillian Gish),Yellow Cake & Velvet Crash,268.0,https://prod-1.storage.jamendo.com/download/track/1288/mp32/,1288.mp3,rock
1289,of grace and favour #2,Pull My Daisy (Ex Lillian Gish),Yellow Cake & Velvet Crash,310.0,https://prod-1.storage.jamendo.com/download/track/1289/mp32/,1289.mp3,rock
1290,yellow cake & velvet crash,Pull My Daisy (Ex Lillian Gish),Yellow Cake & Velvet Crash,49.0,https://prod-1.storage.jamendo.com/download/track/1290/mp32/,1290.mp3,rock
1291,tense : tense,Pull My Daisy (Ex Lillian Gish),Yellow Cake & Velvet Crash,211.0,https://prod-1.storage.jamendo.com/download/track/1291/mp32/,1291.mp3,rock
1292,a story swept,Pull My Daisy (Ex Lillian Gish),Yellow Cake & Velvet Crash,224.0,https://prod-1.storage.jamendo.com/download/track/1292/mp32/,1292.mp3,rock
1293,tense : dirty,Pull My Daisy (Ex Lillian Gish),Yellow Cake & Velvet Crash,127.0,https://prod-1.storage.jamendo.com/download/track/1293/mp32/,1293.mp3,rock
1294,of grace and favour #1,Pull My Daisy (Ex Lillian Gish),Yellow Cake & Velvet Crash,395.0,https://prod-1.storage.jamendo.com/download/track/1294/mp32/,1294.mp3,rock
1332,Slap Violin,L'Onomatopeur,Always Beating,292.0,https://prod-1.storage.jamendo.com/download/track/1332/mp32/,1332.mp3,hiphop
1333,Rekium,L'Onomatopeur,Always Beating,212.0,https://prod-1.storage.jamendo.com/download/track/1333/mp32/,1333.mp3,electronic
1334,Who Loves My 8-Bits,L'Onomatopeur,Always Beating,171.0,https://prod-1.storage.jamendo.com/download/track/1334/mp32/,1334.mp3,electronic
1335,Fourmiz Can Play Break,L'Onomatopeur,Always Beating,205.0,https://prod-1.storage.jamendo.com/download/track/1335/mp32/,1335.mp3,electronic
1336,Porno Adesif,L'Onomatopeur,Always Beating,330.0,https://prod-1.storage.jamendo.com/download/track/1336/mp32/,1336.mp3,electronic
1337,Tabloid,L'Onomatopeur,Always Beating,226.0,https://prod-1.storage.jamendo.com/download/track/1337/mp32/,1337.mp3,electronic
1338,Pixel Boy,L'Onomatopeur,Always Beating,194.0,https://prod-1.storage.jamendo.com/download/track/1338/mp32/,1338.mp3,electronic
1339,Swinger Tubies,L'Onomatopeur,Always Beating,213.0,https://prod-1.storage.jamendo.com/download/track/1339/mp32/,1339.mp3,electronic
1340,Squaring,L'Onomatopeur,Always Beating,110.0,https://prod-1.storage.jamendo.com/download/track/1340/mp32/,1340.mp3,electronic
1341,Mic Jager,L'Onomatopeur,Always Beating,234.0,https://prod-1.storage.jamendo.com/download/track/1341/mp32/,1341.mp3,electronic
1342,Drop Beat Not Bomb,L'Onomatopeur,Always Beating,227.0,https://prod-1.storage.jamendo.com/download/track/1342/mp32/,1342.mp3,electronic
1343,L'arch Eh,L'Onomatopeur,Always Beating,112.0,https://prod-1.storage.jamendo.com/download/track/1343/mp32/,1343.mp3,electronic
1432,Ce Corps de Glace,David Law,La Solitude du Cosmonaute,254.0,https://prod-1.storage.jamendo.com/download/track/1432/mp32/,1432.mp3,pop
1433,Peut-être,David Law,La Solitude du Cosmonaute,225.0,https://prod-1.storage.jamendo.com/download/track/1433/mp32/,1433.mp3,pop
1434,J'peux pas dormir,David Law,La Solitude du Cosmonaute,261.0,https://prod-1.storage.jamendo.com/download/track/1434/mp32/,1434.mp3,pop
1435,Die 4 U,David Law,La Solitude du Cosmonaute,193.0,https://prod-1.storage.jamendo.com/download/track/1435/mp32/,1435.mp3,pop
1436,Une vie normale,David Law,La Solitude du Cosmonaute,175.0,https://prod-1.storage.jamendo.com/download/track/1436/mp32/,1436.mp3,pop
1437,You'd better move on (this Shadow),David Law,La Solitude du Cosmonaute,337.0,https://prod-1.storage.jamendo.com/download/track/1437/mp32/,1437.mp3,pop
1438,La Solitude du Cosmonaute,David Law,La Solitude du Cosmonaute,297.0,https://prod-1.storage.jamendo.com/download/track/1438/mp32/,1438.mp3,pop
1439,I can't stand it anymore,David Law,La Solitude du Cosmonaute,190.0,https://prod-1.storage.jamendo.com/download/track/1439/mp32/,1439.mp3,pop
1440,Waiting for What ?,David Law,La Solitude du Cosmonaute,309.0,https://prod-1.storage.jamendo.com/download/track/1440/mp32/,1440.mp3,pop
1441,Le Voyageur,David Law,La Solitude du Cosmonaute,339.0,https://prod-1.storage.jamendo.com/download/track/1441/mp32/,1441.mp3,pop
1442,Que je t'enlève,David Law,La Solitude du Cosmonaute,227.0,https://prod-1.storage.jamendo.com/download/track/1442/mp32/,1442.mp3,pop
1443,Regarde l'amer,David Law,La Solitude du Cosmonaute,258.0,https://prod-1.storage.jamendo.com/download/track/1443/mp32/,1443.mp3,pop
1444,Chocolate,David Law,La Solitude du Cosmonaute,150.0,https://prod-1.storage.jamendo.com/download/track/1444/mp32/,1444.mp3,pop
1459,Rock's,David Law,Urban Shades,191.0,https://prod-1.storage.jamendo.com/download/track/1459/mp32/,1459.mp3,pop
1460,Traffic,David Law,Urban Shades,338.0,https://prod-1.storage.jamendo.com/download/track/1460/mp32/,1460.mp3,pop
1461,Move in (at the theater),David Law,Urban Shades,202.0,https://prod-1.storage.jamendo.com/download/track/1461/mp32/,1461.mp3,pop
1462,Recreation,David Law,Urban Shades,329.0,https://prod-1.storage.jamendo.com/download/track/1462/mp32/,1462.mp3,pop
1463,Movies III,David Law,Urban Shades,112.0,https://prod-1.storage.jamendo.com/download/track/1463/mp32/,1463.mp3,pop
1464,Move out (in the street),David Law,Urban Shades,332.0,https://prod-1.storage.jamendo.com/download/track/1464/mp32/,1464.mp3,pop
1465,Step by Step,David Law,Urban Shades,357.0,https://prod-1.storage.jamendo.com/download/track/1465/mp32/,1465.mp3,pop
1466,Movies,David Law,Urban Shades,290.0,https://prod-1.storage.jamendo.com/download/track/1466/mp32/,1466.mp3,pop
1467,Movies VI,David Law,Urban Shades,60.0,https://prod-1.storage.jamendo.com/download/track/1467/mp32/,1467.mp3,pop
1468,Children song,David Law,Urban Shades,202.0,https://prod-1.storage.jamendo.com/download/track/1468/mp32/,1468.mp3,pop
1469,Be yourself,David Law,Urban Shades,268.0,https://prod-1.storage.jamendo.com/download/track/1469/mp32/,1469.mp3,pop
1470,La paresse,David Law,Urban Shades,309.0,https://prod-1.storage.jamendo.com/download/track/1470/mp32/,1470.mp3,pop
1471,Lou-angel,David Law,Urban Shades,80.0,https://prod-1.storage.jamendo.com/download/track/1471/mp32/,1471.mp3,pop
1472,Road Céline 2004,David Law,Urban Shades,282.0,https://prod-1.storage.jamendo.com/download/track/1472/mp32/,1472.mp3,pop
1473,Tryptique instrus Céline 2004,David Law,Urban Shades,344.0,https://prod-1.storage.jamendo.com/download/track/1473/mp32/,1473.mp3,pop
1510,Blue,David Law,Shades,396.0,https://prod-1.storage.jamendo.com/download/track/1510/mp32/,1510.mp3,pop
1511,Yellow,David Law,Shades,234.0,https://prod-1.storage.jamendo.com/download/track/1511/mp32/,1511.mp3,pop
1512,Red,David Law,Shades,298.0,https://prod-1.storage.jamendo.com/download/track/1512/mp32/,1512.mp3,pop
1513,Green,David Law,Shades,338.0,https://prod-1.storage.jamendo.com/download/track/1513/mp32/,1513.mp3,pop
1514,Black,David Law,Shades,292.0,https://prod-1.storage.jamendo.com/download/track/1514/mp32/,1514.mp3,pop
1515,Brown,David Law,Shades,416.0,https://prod-1.storage.jamendo.com/download/track/1515/mp32/,1515.mp3,pop
1516,Flairance,David Law,Shades,318.0,https://prod-1.storage.jamendo.com/download/track/1516/mp32/,1516.mp3,pop
1549,01zu.gratgrat,01zu,Playlist,227.0,https://prod-1.storage.jamendo.com/download/track/1549/mp32/,1549.mp3,rock
1550,ce monde-la,01zu,Playlist,279.0,https://prod-1.storage.jamendo.com/download/track/1550/mp32/,1550.mp3,electronic
1551,destruction.exploitation,01zu,Playlist,384.0,https://prod-1.storage.jamendo.com/download/track/1551/mp32/,1551.mp3,electronic
1552,ça suffit,01zu,Playlist,223.0,https://prod-1.storage.jamendo.com/download/track/1552/mp32/,1552.mp3,electronic
1553,ideologie,01zu,Playlist,613.0,https://prod-1.storage.jamendo.com/download/track/1553/mp32/,1553.mp3,techno
1554,k-part,01zu,Playlist,473.0,https://prod-1.storage.jamendo.com/download/track/1554/mp32/,1554.mp3,electronic
1555,sieg oil,01zu,Playlist,308.0,https://prod-1.storage.jamendo.com/download/track/1555/mp32/,1555.mp3,techno
1556,depravation (ninja14500 mix),01zu,Playlist,294.0,https://prod-1.storage.jamendo.com/download/track/1556/mp32/,1556.mp3,techno
1557,kerasrase,01zu,Playlist,263.0,https://prod-1.storage.jamendo.com/download/track/1557/mp32/,1557.mp3,electronic
1570,Les rails,David Law,Law y es-tu ?,160.0,https://prod-1.storage.jamendo.com/download/track/1570/mp32/,1570.mp3,pop
1571,Un peu de toi (remix),David Law,Law y es-tu ?,116.0,https://prod-1.storage.jamendo.com/download/track/1571/mp32/,1571.mp3,pop
1572,Toi,David Law,Law y es-tu ?,183.0,https://prod-1.storage.jamendo.com/download/track/1572/mp32/,1572.mp3,pop
1573,Paranoïa,David Law,Law y es-tu ?,339.0,https://prod-1.storage.jamendo.com/download/track/1573/mp32/,1573.mp3,pop
1574,Les Abîmes (remix),David Law,Law y es-tu ?,348.0,https://prod-1.storage.jamendo.com/download/track/1574/mp32/,1574.mp3,pop
1575,Vital,David Law,Law y es-tu ?,325.0,https://prod-1.storage.jamendo.com/download/track/1575/mp32/,1575.mp3,pop
1576,Il y a des jours...,David Law,Law y es-tu ?,389.0,https://prod-1.storage.jamendo.com/download/track/1576/mp32/,1576.mp3,pop
1577,Comme au Blackjack,David Law,Law y es-tu ?,316.0,https://prod-1.storage.jamendo.com/download/track/1577/mp32/,1577.mp3,pop
1578,Weight Head,David Law,Law y es-tu ?,250.0,https://prod-1.storage.jamendo.com/download/track/1578/mp32/,1578.mp3,pop
1579,Une Histoire (Lou-Angel),David Law,Law y es-tu ?,89.0,https://prod-1.storage.jamendo.com/download/track/1579/mp32/,1579.mp3,pop
1580,Il pleut,David Law,Law y es-tu ?,294.0,https://prod-1.storage.jamendo.com/download/track/1580/mp32/,1580.mp3,pop
1581,Toi (extended break remix),David Law,Law y es-tu ?,319.0,https://prod-1.storage.jamendo.com/download/track/1581/mp32/,1581.mp3,pop
1582,Ghost Song (Special Club Remix),David Law,Law y es-tu ?,221.0,https://prod-1.storage.jamendo.com/download/track/1582/mp32/,1582.mp3,pop
1583,Vent du Sud,David Law,Law y es-tu ?,233.0,https://prod-1.storage.jamendo.com/download/track/1583/mp32/,1583.mp3,pop
1603,Milky Way,SEBRIDER,Voyages,194.0,https://prod-1.storage.jamendo.com/download/track/1603/mp32/,1603.mp3,rock
1604,Mysterious Cromleck,SEBRIDER,Voyages,276.0,https://prod-1.storage.jamendo.com/download/track/1604/mp32/,1604.mp3,electronic
1606,Over the Sea,SEBRIDER,Voyages,249.0,https://prod-1.storage.jamendo.com/download/track/1606/mp32/,1606.mp3,rock
1661,It's Easy,Guess,Open your eyes,198.0,https://prod-1.storage.jamendo.com/download/track/1661/mp32/,1661.mp3,rock
1684,Remember,David Law,Poésie Lunaire - Trahisons terrestres,508.0,https://prod-1.storage.jamendo.com/download/track/1684/mp32/,1684.mp3,pop
1685,Le soleil un mercredi AM,David Law,Poésie Lunaire - Trahisons terrestres,489.0,https://prod-1.storage.jamendo.com/download/track/1685/mp32/,1685.mp3,pop
1686,Ce coeur qui bat,David Law,Poésie Lunaire - Trahisons terrestres,373.0,https://prod-1.storage.jamendo.com/download/track/1686/mp32/,1686.mp3,pop
1687,Rioting,Chroma,first,235.0,https://prod-1.storage.jamendo.com/download/track/1687/mp32/,1687.mp3,electronic
1688,Destroyers of the universe,Chroma,first,373.0,https://prod-1.storage.jamendo.com/download/track/1688/mp32/,1688.mp3,electronic
1689,FX death,Chroma,first,563.0,https://prod-1.storage.jamendo.com/download/track/1689/mp32/,1689.mp3,electronic
1690,Gorilla walk,Chroma,first,497.0,https://prod-1.storage.jamendo.com/download/track/1690/mp32/,1690.mp3,electronic
1691,Soft girl,Chroma,first,722.0,https://prod-1.storage.jamendo.com/download/track/1691/mp32/,1691.mp3,electronic
1692,Magic stick,Chroma,first,661.0,https://prod-1.storage.jamendo.com/download/track/1692/mp32/,1692.mp3,electronic
1693,What,Chroma,first,302.0,https://prod-1.storage.jamendo.com/download/track/1693/mp32/,1693.mp3,electronic
1694,No response,Bleacher,third,601.0,https://prod-1.storage.jamendo.com/download/track/1694/mp32/,1694.mp3,electronic
1695,Chrome dome,Bleacher,third,469.0,https://prod-1.storage.jamendo.com/download/track/1695/mp32/,1695.mp3,electronic
1696,Anarchy,Bleacher,third,571.0,https://prod-1.storage.jamendo.com/download/track/1696/mp32/,1696.mp3,electronic
1697,Consideration of the future,Bleacher,third,444.0,https://prod-1.storage.jamendo.com/download/track/1697/mp32/,1697.mp3,electronic
1698,Destruction of the atomic core,Bleacher,third,608.0,https://prod-1.storage.jamendo.com/download/track/1698/mp32/,1698.mp3,electronic
1699,Energy of the blue,Bleacher,third,614.0,https://prod-1.storage.jamendo.com/download/track/1699/mp32/,1699.mp3,electronic
1700,New hope,Bleacher,third,319.0,https://prod-1.storage.jamendo.com/download/track/1700/mp32/,1700.mp3,electronic
1729,La vie des bêtes,AS-POTIRONT!,As-Potiront!,270.0,https://prod-1.storage.jamendo.com/download/track/1729/mp32/,1729.mp3,ska
1730,Anastasia,AS-POTIRONT!,As-Potiront!,282.0,https://prod-1.storage.jamendo.com/download/track/1730/mp32/,1730.mp3,pop
1731,Visite champêtre,AS-POTIRONT!,As-Potiront!,333.0,https://prod-1.storage.jamendo.com/download/track/1731/mp32/,1731.mp3,chansonfrancaise
1732,Texto,AS-POTIRONT!,As-Potiront!,220.0,https://prod-1.storage.jamendo.com/download/track/1732/mp32/,1732.mp3,pop
1733,Le Bal des pendus,AS-POTIRONT!,As-Potiront!,348.0,https://prod-1.storage.jamendo.com/download/track/1733/mp32/,1733.mp3,pop
1734,Les Tours du Silence,Binary Mind,Binary Mind (CD1),397.0,https://prod-1.storage.jamendo.com/download/track/1734/mp32/,1734.mp3,rock
1735,Naïa,Binary Mind,Binary Mind (CD1),298.0,https://prod-1.storage.jamendo.com/download/track/1735/mp32/,1735.mp3,rock
1736,Kezistorus,Binary Mind,Binary Mind (CD1),256.0,https://prod-1.storage.jamendo.com/download/track/1736/mp32/,1736.mp3,ambient
1737,Back in Business,Binary Mind,Binary Mind (CD1),269.0,https://prod-1.storage.jamendo.com/download/track/1737/mp32/,1737.mp3,rock
1738,Brains Aside,Binary Mind,Binary Mind (CD1),292.0,https://prod-1.storage.jamendo.com/download/track/1738/mp32/,1738.mp3,rock
1739,The King of an Old Kind,Binary Mind,Binary Mind (CD1),203.0,https://prod-1.storage.jamendo.com/download/track/1739/mp32/,1739.mp3,rock
1749,Green apples,Schizoidal,first,896.0,https://prod-1.storage.jamendo.com/download/track/1749/mp32/,1749.mp3,electronic
1750,Sonox symphony,Schizoidal,first,815.0,https://prod-1.storage.jamendo.com/download/track/1750/mp32/,1750.mp3,electronic
1751,Dangerous products,Schizoidal,first,943.0,https://prod-1.storage.jamendo.com/download/track/1751/mp32/,1751.mp3,electronic
1871,Listen to the angels,Daemon X,first,180.0,https://prod-1.storage.jamendo.com/download/track/1871/mp32/,1871.mp3,electronic
1872,Let me play,Daemon X,first,199.0,https://prod-1.storage.jamendo.com/download/track/1872/mp32/,1872.mp3,electronic
1873,The last word,Daemon X,first,146.0,https://prod-1.storage.jamendo.com/download/track/1873/mp32/,1873.mp3,electronic
1874,"Move, move",Daemon X,first,199.0,https://prod-1.storage.jamendo.com/download/track/1874/mp32/,1874.mp3,electronic
1875,Freeform freakout 1,Daemon X,first,121.0,https://prod-1.storage.jamendo.com/download/track/1875/mp32/,1875.mp3,electronic
1876,Local hero,Daemon X,first,178.0,https://prod-1.storage.jamendo.com/download/track/1876/mp32/,1876.mp3,electronic
1877,Circles of fire around my head,Daemon X,first,231.0,https://prod-1.storage.jamendo.com/download/track/1877/mp32/,1877.mp3,electronic
1878,Long nose,Daemon X,first,217.0,https://prod-1.storage.jamendo.com/download/track/1878/mp32/,1878.mp3,electronic
1879,Centaur jump,Daemon X,first,170.0,https://prod-1.storage.jamendo.com/download/track/1879/mp32/,1879.mp3,electronic
1880,Silver nails on vynil,Daemon X,first,157.0,https://prod-1.storage.jamendo.com/download/track/1880/mp32/,1880.mp3,electronic
1881,Animality,Daemon X,first,182.0,https://prod-1.storage.jamendo.com/download/track/1881/mp32/,1881.mp3,electronic
1882,Lords of the waves,Daemon X,first,220.0,https://prod-1.storage.jamendo.com/download/track/1882/mp32/,1882.mp3,electronic
1883,UFO,Daemon X,first,247.0,https://prod-1.storage.jamendo.com/download/track/1883/mp32/,1883.mp3,electronic
1884,Freeform freakout 2,Daemon X,first,122.0,https://prod-1.storage.jamendo.com/download/track/1884/mp32/,1884.mp3,electronic
1885,White horse,Daemon X,first,227.0,https://prod-1.storage.jamendo.com/download/track/1885/mp32/,1885.mp3,electronic
1886,Trumpetor,Daemon X,first,188.0,https://prod-1.storage.jamendo.com/download/track/1886/mp32/,1886.mp3,electronic
1887,Security,Daemon X,first,210.0,https://prod-1.storage.jamendo.com/download/track/1887/mp32/,1887.mp3,electronic
1888,Millions stars,Daemon X,first,156.0,https://prod-1.storage.jamendo.com/download/track/1888/mp32/,1888.mp3,electronic
1941,Interstellar Space,SEBRIDER,Heaven and Sea,269.0,https://prod-1.storage.jamendo.com/download/track/1941/mp32/,1941.mp3,electronic
1945,Kingdom of Tears,SEBRIDER,Heaven and Sea,288.0,https://prod-1.storage.jamendo.com/download/track/1945/mp32/,1945.mp3,ambient
1948,Casamojo part one,DOC PILOT,CASA NO VOX,211.0,https://prod-1.storage.jamendo.com/download/track/1948/mp32/,1948.mp3,ambient
1949,Heavenise,DOC PILOT,CASA NO VOX,225.0,https://prod-1.storage.jamendo.com/download/track/1949/mp32/,1949.mp3,ambient
1950,Novice cream,DOC PILOT,CASA NO VOX,280.0,https://prod-1.storage.jamendo.com/download/track/1950/mp32/,1950.mp3,ambient
1951,Jack's home hot,DOC PILOT,CASA NO VOX,282.0,https://prod-1.storage.jamendo.com/download/track/1951/mp32/,1951.mp3,ambient
1952,Valentine,DOC PILOT,CASA NO VOX,212.0,https://prod-1.storage.jamendo.com/download/track/1952/mp32/,1952.mp3,ambient
1953,Habit rouge,DOC PILOT,CASA NO VOX,191.0,https://prod-1.storage.jamendo.com/download/track/1953/mp32/,1953.mp3,ambient
1954,Casamojo part two,DOC PILOT,CASA NO VOX,212.0,https://prod-1.storage.jamendo.com/download/track/1954/mp32/,1954.mp3,ambient
1955,Overlove,DOC PILOT,CASA NO VOX,157.0,https://prod-1.storage.jamendo.com/download/track/1955/mp32/,1955.mp3,ambient
1956,Do the Oh Oh !,DOC PILOT,CASA NO VOX,170.0,https://prod-1.storage.jamendo.com/download/track/1956/mp32/,1956.mp3,ambient
1957,"Your sound, my skin",DOC PILOT,CASA NO VOX,91.0,https://prod-1.storage.jamendo.com/download/track/1957/mp32/,1957.mp3,ambient
1958,Discoït,DOC PILOT,CASA NO VOX,74.0,https://prod-1.storage.jamendo.com/download/track/1958/mp32/,1958.mp3,ambient
1959,Casamojo part three,DOC PILOT,CASA NO VOX,208.0,https://prod-1.storage.jamendo.com/download/track/1959/mp32/,1959.mp3,ambient
2007,China Tone,nino,Backface,186.0,https://prod-1.storage.jamendo.com/download/track/2007/mp32/,2007.mp3,electronic
2008,World Company,nino,Backface,129.0,https://prod-1.storage.jamendo.com/download/track/2008/mp32/,2008.mp3,electronic
2009,Marion,nino,Backface,266.0,https://prod-1.storage.jamendo.com/download/track/2009/mp32/,2009.mp3,electronic
2010,PGP - Pretty Good Personality,nino,Backface,121.0,https://prod-1.storage.jamendo.com/download/track/2010/mp32/,2010.mp3,electronic
2011,WawWaw,nino,Backface,194.0,https://prod-1.storage.jamendo.com/download/track/2011/mp32/,2011.mp3,electronic
2012,Yellow Pepper,nino,Backface,272.0,https://prod-1.storage.jamendo.com/download/track/2012/mp32/,2012.mp3,electronic
2013,Sono Tone,nino,Backface,208.0,https://prod-1.storage.jamendo.com/download/track/2013/mp32/,2013.mp3,electronic
2014,Sundance,nino,Backface,166.0,https://prod-1.storage.jamendo.com/download/track/2014/mp32/,2014.mp3,electronic
2015,Environnement Classic,nino,Backface,444.0,https://prod-1.storage.jamendo.com/download/track/2015/mp32/,2015.mp3,electronic
2016,Psychodrame,nino,Backface,172.0,https://prod-1.storage.jamendo.com/download/track/2016/mp32/,2016.mp3,electronic
2017,Lost mind,nino,Backface,264.0,https://prod-1.storage.jamendo.com/download/track/2017/mp32/,2017.mp3,electronic
2018,Trompettes de vie,nino,Backface,185.0,https://prod-1.storage.jamendo.com/download/track/2018/mp32/,2018.mp3,electronic
2079,Intro,Manuzik,Nouvelles Shortstories,59.0,https://prod-1.storage.jamendo.com/download/track/2079/mp32/,2079.mp3,triphop
2080,FatBackBeat,Manuzik,Nouvelles Shortstories,198.0,https://prod-1.storage.jamendo.com/download/track/2080/mp32/,2080.mp3,drumnbass
2081,SurfSurLaPlage,Manuzik,Nouvelles Shortstories,111.0,https://prod-1.storage.jamendo.com/download/track/2081/mp32/,2081.mp3,funk
2082,GoodMood,Manuzik,Nouvelles Shortstories,171.0,https://prod-1.storage.jamendo.com/download/track/2082/mp32/,2082.mp3,jazzfusion
2083,TripToJazz,Manuzik,Nouvelles Shortstories,209.0,https://prod-1.storage.jamendo.com/download/track/2083/mp32/,2083.mp3,nujazz
2084,"Yeah, Yeah, Yeah, Yeah",Manuzik,Nouvelles Shortstories,166.0,https://prod-1.storage.jamendo.com/download/track/2084/mp32/,2084.mp3,jazz
2085,Pseudauthentique,Manuzik,Nouvelles Shortstories,224.0,https://prod-1.storage.jamendo.com/download/track/2085/mp32/,2085.mp3,triphop
2164,La sixième porte de Shanaaghar,Greg Baumont,Wood,250.0,https://prod-1.storage.jamendo.com/download/track/2164/mp32/,2164.mp3,newage
2165,Le nettoyeur,Greg Baumont,Wood,228.0,https://prod-1.storage.jamendo.com/download/track/2165/mp32/,2165.mp3,newage
2166,The blue star,Greg Baumont,Wood,242.0,https://prod-1.storage.jamendo.com/download/track/2166/mp32/,2166.mp3,electropop
2167,Respire ! (The dervish),Greg Baumont,Wood,302.0,https://prod-1.storage.jamendo.com/download/track/2167/mp32/,2167.mp3,world
2168,Why,Greg Baumont,Wood,242.0,https://prod-1.storage.jamendo.com/download/track/2168/mp32/,2168.mp3,electronic
2169,The new day,Greg Baumont,Wood,408.0,https://prod-1.storage.jamendo.com/download/track/2169/mp32/,2169.mp3,jazz
2170,Why (Trance remix by Ilya Malyuev),Greg Baumont,Wood,293.0,https://prod-1.storage.jamendo.com/download/track/2170/mp32/,2170.mp3,trance
2171,La face cachée de la lune,Greg Baumont,Wood,259.0,https://prod-1.storage.jamendo.com/download/track/2171/mp32/,2171.mp3,triphop
2172,Les chevaliers de l'Aar,Greg Baumont,Wood,377.0,https://prod-1.storage.jamendo.com/download/track/2172/mp32/,2172.mp3,filmscore
2208,Païdium,Boris & Maxime,Païdium,217.0,https://prod-1.storage.jamendo.com/download/track/2208/mp32/,2208.mp3,pop
2209,Taniouchka,Boris & Maxime,Païdium,217.0,https://prod-1.storage.jamendo.com/download/track/2209/mp32/,2209.mp3,pop
2210,Cégovnia,Boris & Maxime,Païdium,225.0,https://prod-1.storage.jamendo.com/download/track/2210/mp32/,2210.mp3,pop
2211,La note en cage,AdHoc,Toutes directions,292.0,https://prod-1.storage.jamendo.com/download/track/2211/mp32/,2211.mp3,jazz
2212,Péninsule,AdHoc,Toutes directions,323.0,https://prod-1.storage.jamendo.com/download/track/2212/mp32/,2212.mp3,jazz
2213,Sumbala,AdHoc,Toutes directions,242.0,https://prod-1.storage.jamendo.com/download/track/2213/mp32/,2213.mp3,world
2214,L'agonie de l'inspecteur C,AdHoc,Toutes directions,526.0,https://prod-1.storage.jamendo.com/download/track/2214/mp32/,2214.mp3,jazz
2215,Retard,AdHoc,Toutes directions,281.0,https://prod-1.storage.jamendo.com/download/track/2215/mp32/,2215.mp3,jazz
2216,Rendez-vous au .org,AdHoc,Toutes directions,440.0,https://prod-1.storage.jamendo.com/download/track/2216/mp32/,2216.mp3,jazz
2217,Série B,AdHoc,Toutes directions,285.0,https://prod-1.storage.jamendo.com/download/track/2217/mp32/,2217.mp3,jazz
2218,No border,AdHoc,Toutes directions,443.0,https://prod-1.storage.jamendo.com/download/track/2218/mp32/,2218.mp3,jazzfunk
2261,Family bonds,Sköhl Offensrüh,First Act.,242.0,https://prod-1.storage.jamendo.com/download/track/2261/mp32/,2261.mp3,rock
2262,Sperm maker,Sköhl Offensrüh,First Act.,234.0,https://prod-1.storage.jamendo.com/download/track/2262/mp32/,2262.mp3,rock
2263,On the other side,Sköhl Offensrüh,First Act.,494.0,https://prod-1.storage.jamendo.com/download/track/2263/mp32/,2263.mp3,rock
2264,Lost into my ass,Sköhl Offensrüh,First Act.,835.0,https://prod-1.storage.jamendo.com/download/track/2264/mp32/,2264.mp3,rock
2265,Letz gros,Guarapita,Si hay!,110.0,https://prod-1.storage.jamendo.com/download/track/2265/mp32/,2265.mp3,rock
2266,Colombia,Guarapita,Si hay!,161.0,https://prod-1.storage.jamendo.com/download/track/2266/mp32/,2266.mp3,rock
2267,Guarapita,Guarapita,Si hay!,216.0,https://prod-1.storage.jamendo.com/download/track/2267/mp32/,2267.mp3,rock
2268,Tendance negative,Guarapita,Si hay!,220.0,https://prod-1.storage.jamendo.com/download/track/2268/mp32/,2268.mp3,rock
2269,Indigena,Guarapita,Si hay!,191.0,https://prod-1.storage.jamendo.com/download/track/2269/mp32/,2269.mp3,rock
2270,Laisser aller,Guarapita,Si hay!,179.0,https://prod-1.storage.jamendo.com/download/track/2270/mp32/,2270.mp3,rock
2271,Teletambores,Guarapita,Si hay!,268.0,https://prod-1.storage.jamendo.com/download/track/2271/mp32/,2271.mp3,rock
2272,Rosa,Guarapita,Si hay!,111.0,https://prod-1.storage.jamendo.com/download/track/2272/mp32/,2272.mp3,rock
2273,For pills,Guarapita,Si hay!,123.0,https://prod-1.storage.jamendo.com/download/track/2273/mp32/,2273.mp3,rock
2274,Sambil,Guarapita,Si hay!,146.0,https://prod-1.storage.jamendo.com/download/track/2274/mp32/,2274.mp3,rock
2275,Ah bravo les gars,Guarapita,Si hay!,130.0,https://prod-1.storage.jamendo.com/download/track/2275/mp32/,2275.mp3,rock
2277,Part one,Astreiness,Light of Shadows,977.0,https://prod-1.storage.jamendo.com/download/track/2277/mp32/,2277.mp3,rock
2278,Part two,Astreiness,Light of Shadows,638.0,https://prod-1.storage.jamendo.com/download/track/2278/mp32/,2278.mp3,rock
2279,Part three,Astreiness,Light of Shadows,694.0,https://prod-1.storage.jamendo.com/download/track/2279/mp32/,2279.mp3,rock
2280,Part four,Astreiness,Light of Shadows,924.0,https://prod-1.storage.jamendo.com/download/track/2280/mp32/,2280.mp3,rock
2319,aux pt'its bonheurs - le bretzel,Sylvain Piron,par coeur,145.0,https://prod-1.storage.jamendo.com/download/track/2319/mp32/,2319.mp3,world
2320,dans mon coeur,Sylvain Piron,par coeur,201.0,https://prod-1.storage.jamendo.com/download/track/2320/mp32/,2320.mp3,folk
2321,les cailloux,Sylvain Piron,par coeur,228.0,https://prod-1.storage.jamendo.com/download/track/2321/mp32/,2321.mp3,folk
2322,à Rouen il y a,Sylvain Piron,par coeur,166.0,https://prod-1.storage.jamendo.com/download/track/2322/mp32/,2322.mp3,folk
2323,le Waldo blues,Sylvain Piron,par coeur,208.0,https://prod-1.storage.jamendo.com/download/track/2323/mp32/,2323.mp3,folk
2324,le pic-vert - trafic,Sylvain Piron,par coeur,278.0,https://prod-1.storage.jamendo.com/download/track/2324/mp32/,2324.mp3,world
2325,c'est ma danse,Sylvain Piron,par coeur,155.0,https://prod-1.storage.jamendo.com/download/track/2325/mp32/,2325.mp3,folk
2326,le pigeonnier,Sylvain Piron,par coeur,195.0,https://prod-1.storage.jamendo.com/download/track/2326/mp32/,2326.mp3,world
2327,chanson sur le berceau,Sylvain Piron,par coeur,208.0,https://prod-1.storage.jamendo.com/download/track/2327/mp32/,2327.mp3,folk
2328,la tricoteuse,Sylvain Piron,par coeur,163.0,https://prod-1.storage.jamendo.com/download/track/2328/mp32/,2328.mp3,folk
2329,mazurka pour Chantal,Sylvain Piron,par coeur,196.0,https://prod-1.storage.jamendo.com/download/track/2329/mp32/,2329.mp3,world
2330,l'être insondable,Sylvain Piron,par coeur,230.0,https://prod-1.storage.jamendo.com/download/track/2330/mp32/,2330.mp3,folk
2402,Silence Armé 1+2,Bolchoï,S/T,191.0,https://prod-1.storage.jamendo.com/download/track/2402/mp32/,2402.mp3,rock
2403,Violence Rouge et Colère Noire,Bolchoï,S/T,141.0,https://prod-1.storage.jamendo.com/download/track/2403/mp32/,2403.mp3,rock
2462,Reality falls,Man-machine connexion,first,345.0,https://prod-1.storage.jamendo.com/download/track/2462/mp32/,2462.mp3,electronic
2463,Magic carpet crash,Man-machine connexion,first,347.0,https://prod-1.storage.jamendo.com/download/track/2463/mp32/,2463.mp3,electronic
2464,Spacetime distortion,Man-machine connexion,first,376.0,https://prod-1.storage.jamendo.com/download/track/2464/mp32/,2464.mp3,electronic
2465,Dumb funk,Man-machine connexion,first,624.0,https://prod-1.storage.jamendo.com/download/track/2465/mp32/,2465.mp3,electronic
2466,Cold fever,Man-machine connexion,first,494.0,https://prod-1.storage.jamendo.com/download/track/2466/mp32/,2466.mp3,electronic
2467,Must be a cow,Man-machine connexion,first,532.0,https://prod-1.storage.jamendo.com/download/track/2467/mp32/,2467.mp3,electronic
2468,Guns and ammunitions,Man-machine connexion,first,813.0,https://prod-1.storage.jamendo.com/download/track/2468/mp32/,2468.mp3,electronic
2469,Le métro,Café Nadar,Café Nadar ...,237.0,https://prod-1.storage.jamendo.com/download/track/2469/mp32/,2469.mp3,pop
2470,Ma cannette,Café Nadar,Café Nadar ...,180.0,https://prod-1.storage.jamendo.com/download/track/2470/mp32/,2470.mp3,pop
2471,Coupable,Café Nadar,Café Nadar ...,269.0,https://prod-1.storage.jamendo.com/download/track/2471/mp32/,2471.mp3,pop
2472,Le perroquet,Café Nadar,Café Nadar ...,209.0,https://prod-1.storage.jamendo.com/download/track/2472/mp32/,2472.mp3,pop
2473,Insomnie,Café Nadar,Café Nadar ...,176.0,https://prod-1.storage.jamendo.com/download/track/2473/mp32/,2473.mp3,pop
2480,les petites jumelles,Sylvain Piron,la plume et l'anche,174.0,https://prod-1.storage.jamendo.com/download/track/2480/mp32/,2480.mp3,world
2481,j'ai un nouveau chapeau,Sylvain Piron,la plume et l'anche,216.0,https://prod-1.storage.jamendo.com/download/track/2481/mp32/,2481.mp3,folk
2482,les anges sans plumes,Sylvain Piron,la plume et l'anche,157.0,https://prod-1.storage.jamendo.com/download/track/2482/mp32/,2482.mp3,folk
2483,il fait bon fermer sa porte,Sylvain Piron,la plume et l'anche,134.0,https://prod-1.storage.jamendo.com/download/track/2483/mp32/,2483.mp3,folk
2484,valse aux Haies,Sylvain Piron,la plume et l'anche,130.0,https://prod-1.storage.jamendo.com/download/track/2484/mp32/,2484.mp3,world
2485,le chemin,Sylvain Piron,la plume et l'anche,169.0,https://prod-1.storage.jamendo.com/download/track/2485/mp32/,2485.mp3,folk
2486,chanson (V. Hugo),Sylvain Piron,la plume et l'anche,138.0,https://prod-1.storage.jamendo.com/download/track/2486/mp32/,2486.mp3,folk
2487,lune,Sylvain Piron,la plume et l'anche,148.0,https://prod-1.storage.jamendo.com/download/track/2487/mp32/,2487.mp3,world
2488,sur le toît,Sylvain Piron,la plume et l'anche,136.0,https://prod-1.storage.jamendo.com/download/track/2488/mp32/,2488.mp3,folk
2489,proverbes (F. Villon),Sylvain Piron,la plume et l'anche,180.0,https://prod-1.storage.jamendo.com/download/track/2489/mp32/,2489.mp3,folk
2490,j'ai une méchante mère,Sylvain Piron,la plume et l'anche,194.0,https://prod-1.storage.jamendo.com/download/track/2490/mp32/,2490.mp3,folk
2491,chanson 2 (V. Hugo),Sylvain Piron,la plume et l'anche,216.0,https://prod-1.storage.jamendo.com/download/track/2491/mp32/,2491.mp3,folk
2492,un jour...,Sylvain Piron,la plume et l'anche,180.0,https://prod-1.storage.jamendo.com/download/track/2492/mp32/,2492.mp3,folk
2531,Dance #1,Man-machine connexion,a collection of rare japanese dances,407.0,https://prod-1.storage.jamendo.com/download/track/2531/mp32/,2531.mp3,electronic
2532,Dance #2,Man-machine connexion,a collection of rare japanese dances,565.0,https://prod-1.storage.jamendo.com/download/track/2532/mp32/,2532.mp3,electronic
2533,Dance #3,Man-machine connexion,a collection of rare japanese dances,451.0,https://prod-1.storage.jamendo.com/download/track/2533/mp32/,2533.mp3,electronic
2534,Dance #4,Man-machine connexion,a collection of rare japanese dances,429.0,https://prod-1.storage.jamendo.com/download/track/2534/mp32/,2534.mp3,electronic
2535,Dance #5,Man-machine connexion,a collection of rare japanese dances,446.0,https://prod-1.storage.jamendo.com/download/track/2535/mp32/,2535.mp3,electronic
2536,Dance #6,Man-machine connexion,a collection of rare japanese dances,609.0,https://prod-1.storage.jamendo.com/download/track/2536/mp32/,2536.mp3,electronic
2600,One,Urmal Vesnat,first,920.0,https://prod-1.storage.jamendo.com/download/track/2600/mp32/,2600.mp3,electronic
2601,Two,Urmal Vesnat,first,871.0,https://prod-1.storage.jamendo.com/download/track/2601/mp32/,2601.mp3,rock
2602,Three,Urmal Vesnat,first,616.0,https://prod-1.storage.jamendo.com/download/track/2602/mp32/,2602.mp3,rock
2603,Four,Urmal Vesnat,first,694.0,https://prod-1.storage.jamendo.com/download/track/2603/mp32/,2603.mp3,rock
2604,Five,Urmal Vesnat,first,1035.0,https://prod-1.storage.jamendo.com/download/track/2604/mp32/,2604.mp3,rock
2605,The first son,The 17 Sons of Abraxas,first,1184.0,https://prod-1.storage.jamendo.com/download/track/2605/mp32/,2605.mp3,electronic
2606,Abraxas the father,The 17 Sons of Abraxas,first,798.0,https://prod-1.storage.jamendo.com/download/track/2606/mp32/,2606.mp3,electronic
2607,The ennemy,The 17 Sons of Abraxas,first,570.0,https://prod-1.storage.jamendo.com/download/track/2607/mp32/,2607.mp3,electronic
2608,The third son,The 17 Sons of Abraxas,first,853.0,https://prod-1.storage.jamendo.com/download/track/2608/mp32/,2608.mp3,electronic
2609,Around the hole,Formika,first,249.0,https://prod-1.storage.jamendo.com/download/track/2609/mp32/,2609.mp3,electronic
2610,The last noise,Formika,first,384.0,https://prod-1.storage.jamendo.com/download/track/2610/mp32/,2610.mp3,electronic
2611,Small things,Formika,first,285.0,https://prod-1.storage.jamendo.com/download/track/2611/mp32/,2611.mp3,electronic
2612,Pre/post confusion,Formika,first,258.0,https://prod-1.storage.jamendo.com/download/track/2612/mp32/,2612.mp3,electronic
2613,Laughing v2.3,Formika,first,344.0,https://prod-1.storage.jamendo.com/download/track/2613/mp32/,2613.mp3,electronic
2614,Flowers,Formika,first,359.0,https://prod-1.storage.jamendo.com/download/track/2614/mp32/,2614.mp3,electronic
2615,Selection,Neural,first,586.0,https://prod-1.storage.jamendo.com/download/track/2615/mp32/,2615.mp3,rock
2616,Calculation,Neural,first,551.0,https://prod-1.storage.jamendo.com/download/track/2616/mp32/,2616.mp3,rock
2617,Discipline,Neural,first,557.0,https://prod-1.storage.jamendo.com/download/track/2617/mp32/,2617.mp3,rock
2618,Data transmission,Neural,first,631.0,https://prod-1.storage.jamendo.com/download/track/2618/mp32/,2618.mp3,rock
2619,No answers,Neural,first,431.0,https://prod-1.storage.jamendo.com/download/track/2619/mp32/,2619.mp3,rock
2620,Mass production,Neural,first,538.0,https://prod-1.storage.jamendo.com/download/track/2620/mp32/,2620.mp3,rock
2621,Alienation,Neural,first,729.0,https://prod-1.storage.jamendo.com/download/track/2621/mp32/,2621.mp3,rock
2622,Flowers of evil,Bleacher,Second,1384.0,https://prod-1.storage.jamendo.com/download/track/2622/mp32/,2622.mp3,rock
2623,The soft lizard,Bleacher,Second,659.0,https://prod-1.storage.jamendo.com/download/track/2623/mp32/,2623.mp3,rock
2624,Rec mute,The 17 Sons of Abraxas,second,648.0,https://prod-1.storage.jamendo.com/download/track/2624/mp32/,2624.mp3,electronic
2625,EF sync,The 17 Sons of Abraxas,second,492.0,https://prod-1.storage.jamendo.com/download/track/2625/mp32/,2625.mp3,electronic
2626,EP-MCZ system,The 17 Sons of Abraxas,second,645.0,https://prod-1.storage.jamendo.com/download/track/2626/mp32/,2626.mp3,electronic
2627,Total check-up,The 17 Sons of Abraxas,second,824.0,https://prod-1.storage.jamendo.com/download/track/2627/mp32/,2627.mp3,electronic
2628,DE transparent control,The 17 Sons of Abraxas,second,731.0,https://prod-1.storage.jamendo.com/download/track/2628/mp32/,2628.mp3,electronic
2629,Auto repair selected,The 17 Sons of Abraxas,second,568.0,https://prod-1.storage.jamendo.com/download/track/2629/mp32/,2629.mp3,electronic
2634,Le pont du petit parc,Le Collectif Unifié de la Crécelle,Le Collectif Unifié de la Crécelle,62.0,https://prod-1.storage.jamendo.com/download/track/2634/mp32/,2634.mp3,pop
2635,La valse des heures,Le Collectif Unifié de la Crécelle,Le Collectif Unifié de la Crécelle,145.0,https://prod-1.storage.jamendo.com/download/track/2635/mp32/,2635.mp3,folk
2636,Mes amis,Le Collectif Unifié de la Crécelle,Le Collectif Unifié de la Crécelle,152.0,https://prod-1.storage.jamendo.com/download/track/2636/mp32/,2636.mp3,pop
2637,La ballade décatie,Le Collectif Unifié de la Crécelle,Le Collectif Unifié de la Crécelle,160.0,https://prod-1.storage.jamendo.com/download/track/2637/mp32/,2637.mp3,pop
2638,Un dimanche à 13h38,Le Collectif Unifié de la Crécelle,Le Collectif Unifié de la Crécelle,105.0,https://prod-1.storage.jamendo.com/download/track/2638/mp32/,2638.mp3,pop
2639,La jeune fille en vert,Le Collectif Unifié de la Crécelle,Le Collectif Unifié de la Crécelle,97.0,https://prod-1.storage.jamendo.com/download/track/2639/mp32/,2639.mp3,folk
2640,La chine vue d'ici,Le Collectif Unifié de la Crécelle,Le Collectif Unifié de la Crécelle,96.0,https://prod-1.storage.jamendo.com/download/track/2640/mp32/,2640.mp3,pop
2641,Valse anémiée,Le Collectif Unifié de la Crécelle,Le Collectif Unifié de la Crécelle,68.0,https://prod-1.storage.jamendo.com/download/track/2641/mp32/,2641.mp3,pop
2642,La rumba du pendu,Le Collectif Unifié de la Crécelle,Le Collectif Unifié de la Crécelle,121.0,https://prod-1.storage.jamendo.com/download/track/2642/mp32/,2642.mp3,pop
2643,Point de vue personnel,Le Collectif Unifié de la Crécelle,Le Collectif Unifié de la Crécelle,80.0,https://prod-1.storage.jamendo.com/download/track/2643/mp32/,2643.mp3,pop
2644,La fausse note,Le Collectif Unifié de la Crécelle,Le Collectif Unifié de la Crécelle,165.0,https://prod-1.storage.jamendo.com/download/track/2644/mp32/,2644.mp3,filmscore
2645,La cascade du bois de Vincennes,Le Collectif Unifié de la Crécelle,Le Collectif Unifié de la Crécelle,93.0,https://prod-1.storage.jamendo.com/download/track/2645/mp32/,2645.mp3,newage
2646,Pense à moi (si tu y penses),Le Collectif Unifié de la Crécelle,Le Collectif Unifié de la Crécelle,152.0,https://prod-1.storage.jamendo.com/download/track/2646/mp32/,2646.mp3,flamenco
2647,La techno des steppes,Le Collectif Unifié de la Crécelle,Le Collectif Unifié de la Crécelle,81.0,https://prod-1.storage.jamendo.com/download/track/2647/mp32/,2647.mp3,pop
2648,Les amants mal assortis,Le Collectif Unifié de la Crécelle,Le Collectif Unifié de la Crécelle,112.0,https://prod-1.storage.jamendo.com/download/track/2648/mp32/,2648.mp3,pop
2649,La valse des mollusques,Le Collectif Unifié de la Crécelle,Le Collectif Unifié de la Crécelle,126.0,https://prod-1.storage.jamendo.com/download/track/2649/mp32/,2649.mp3,newage
2650,L'eau du boudin,Le Collectif Unifié de la Crécelle,Le Collectif Unifié de la Crécelle,66.0,https://prod-1.storage.jamendo.com/download/track/2650/mp32/,2650.mp3,pop
2651,Les verus du varech,Le Collectif Unifié de la Crécelle,Le Collectif Unifié de la Crécelle,149.0,https://prod-1.storage.jamendo.com/download/track/2651/mp32/,2651.mp3,pop
2652,Le blues de la vache,Le Collectif Unifié de la Crécelle,Le Collectif Unifié de la Crécelle,62.0,https://prod-1.storage.jamendo.com/download/track/2652/mp32/,2652.mp3,pop
2653,Le cowboy déraciné,Le Collectif Unifié de la Crécelle,Le Collectif Unifié de la Crécelle,133.0,https://prod-1.storage.jamendo.com/download/track/2653/mp32/,2653.mp3,folk
2656,Bach vs Palestrina (arbitre Samuel Barber),Le Collectif Unifié de la Crécelle,Le Collectif Unifié de la Crécelle,177.0,https://prod-1.storage.jamendo.com/download/track/2656/mp32/,2656.mp3,pop
2720,Trans13,Daemon X,gold zero,65.0,https://prod-1.storage.jamendo.com/download/track/2720/mp32/,2720.mp3,electronic
2721,Cannibalism,Daemon X,gold zero,238.0,https://prod-1.storage.jamendo.com/download/track/2721/mp32/,2721.mp3,electronic
2722,Trans12,Daemon X,gold zero,123.0,https://prod-1.storage.jamendo.com/download/track/2722/mp32/,2722.mp3,electronic
2723,Black rhinos,Daemon X,gold zero,223.0,https://prod-1.storage.jamendo.com/download/track/2723/mp32/,2723.mp3,electronic
2724,Trans11,Daemon X,gold zero,92.0,https://prod-1.storage.jamendo.com/download/track/2724/mp32/,2724.mp3,electronic
2725,Decoding,Daemon X,gold zero,238.0,https://prod-1.storage.jamendo.com/download/track/2725/mp32/,2725.mp3,electronic
2726,Trans10,Daemon X,gold zero,69.0,https://prod-1.storage.jamendo.com/download/track/2726/mp32/,2726.mp3,electronic
2727,Smoke,Daemon X,gold zero,213.0,https://prod-1.storage.jamendo.com/download/track/2727/mp32/,2727.mp3,electronic
2728,Trans09,Daemon X,gold zero,114.0,https://prod-1.storage.jamendo.com/download/track/2728/mp32/,2728.mp3,electronic
2729,A hole in the head,Daemon X,gold zero,167.0,https://prod-1.storage.jamendo.com/download/track/2729/mp32/,2729.mp3,electronic
2730,Trans08,Daemon X,gold zero,89.0,https://prod-1.storage.jamendo.com/download/track/2730/mp32/,2730.mp3,electronic
2731,Gold zero unreal mission,Daemon X,gold zero,196.0,https://prod-1.storage.jamendo.com/download/track/2731/mp32/,2731.mp3,electronic
2732,Trans07,Daemon X,gold zero,72.0,https://prod-1.storage.jamendo.com/download/track/2732/mp32/,2732.mp3,electronic
2733,Unreal remix #2,Daemon X,gold zero,144.0,https://prod-1.storage.jamendo.com/download/track/2733/mp32/,2733.mp3,electronic
2734,Trans06,Daemon X,gold zero,102.0,https://prod-1.storage.jamendo.com/download/track/2734/mp32/,2734.mp3,electronic
2735,Audio deficient,Daemon X,gold zero,207.0,https://prod-1.storage.jamendo.com/download/track/2735/mp32/,2735.mp3,electronic
2736,Trans05,Daemon X,gold zero,87.0,https://prod-1.storage.jamendo.com/download/track/2736/mp32/,2736.mp3,electronic
2737,Fragile,Daemon X,gold zero,186.0,https://prod-1.storage.jamendo.com/download/track/2737/mp32/,2737.mp3,electronic
2738,Trans04,Daemon X,gold zero,110.0,https://prod-1.storage.jamendo.com/download/track/2738/mp32/,2738.mp3,electronic
2739,World technologic appreciation,Daemon X,gold zero,175.0,https://prod-1.storage.jamendo.com/download/track/2739/mp32/,2739.mp3,electronic
2740,Trans03,Daemon X,gold zero,80.0,https://prod-1.storage.jamendo.com/download/track/2740/mp32/,2740.mp3,electronic
2741,Telepathy,Daemon X,gold zero,200.0,https://prod-1.storage.jamendo.com/download/track/2741/mp32/,2741.mp3,electronic
2742,Trans02,Daemon X,gold zero,53.0,https://prod-1.storage.jamendo.com/download/track/2742/mp32/,2742.mp3,electronic
2743,Mind strength,Daemon X,gold zero,208.0,https://prod-1.storage.jamendo.com/download/track/2743/mp32/,2743.mp3,electronic
2744,Trans01,Daemon X,gold zero,136.0,https://prod-1.storage.jamendo.com/download/track/2744/mp32/,2744.mp3,electronic
2745,Soft matter,Daemon X,gold zero,184.0,https://prod-1.storage.jamendo.com/download/track/2745/mp32/,2745.mp3,electronic
2827,A piece of earth,Schizoidal,second,533.0,https://prod-1.storage.jamendo.com/download/track/2827/mp32/,2827.mp3,electronic
2828,Ask the angels,Schizoidal,second,656.0,https://prod-1.storage.jamendo.com/download/track/2828/mp32/,2828.mp3,electronic
2829,Halo master,Schizoidal,second,972.0,https://prod-1.storage.jamendo.com/download/track/2829/mp32/,2829.mp3,electronic
2830,Sunset light,Schizoidal,second,448.0,https://prod-1.storage.jamendo.com/download/track/2830/mp32/,2830.mp3,electronic
2831,Spot and touch,Schizoidal,second,720.0,https://prod-1.storage.jamendo.com/download/track/2831/mp32/,2831.mp3,electronic
2832,number01,Auto/Sexual,six numbered songs,586.0,https://prod-1.storage.jamendo.com/download/track/2832/mp32/,2832.mp3,rock
2833,number02,Auto/Sexual,six numbered songs,357.0,https://prod-1.storage.jamendo.com/download/track/2833/mp32/,2833.mp3,rock
2834,number03,Auto/Sexual,six numbered songs,277.0,https://prod-1.storage.jamendo.com/download/track/2834/mp32/,2834.mp3,rock
2835,number04,Auto/Sexual,six numbered songs,352.0,https://prod-1.storage.jamendo.com/download/track/2835/mp32/,2835.mp3,rock
2836,number05,Auto/Sexual,six numbered songs,482.0,https://prod-1.storage.jamendo.com/download/track/2836/mp32/,2836.mp3,rock
2837,number06,Auto/Sexual,six numbered songs,356.0,https://prod-1.storage.jamendo.com/download/track/2837/mp32/,2837.mp3,rock
2854,Hyperbolic dream,Hallu,first,294.0,https://prod-1.storage.jamendo.com/download/track/2854/mp32/,2854.mp3,rock
2855,Volcanism,Hallu,first,247.0,https://prod-1.storage.jamendo.com/download/track/2855/mp32/,2855.mp3,electronic
2856,Living in the south,Hallu,first,256.0,https://prod-1.storage.jamendo.com/download/track/2856/mp32/,2856.mp3,rock
2857,Iron balls,Hallu,first,249.0,https://prod-1.storage.jamendo.com/download/track/2857/mp32/,2857.mp3,rock
2858,A scrappy education,Hallu,first,300.0,https://prod-1.storage.jamendo.com/download/track/2858/mp32/,2858.mp3,rock
2859,Annoying children,Hallu,first,240.0,https://prod-1.storage.jamendo.com/download/track/2859/mp32/,2859.mp3,rock
2860,Black vegetables,Hallu,first,234.0,https://prod-1.storage.jamendo.com/download/track/2860/mp32/,2860.mp3,rock
2861,Curvature,Hallu,first,278.0,https://prod-1.storage.jamendo.com/download/track/2861/mp32/,2861.mp3,rock
2862,Green lines,Hallu,first,299.0,https://prod-1.storage.jamendo.com/download/track/2862/mp32/,2862.mp3,rock
2863,Old books smell,Hallu,first,275.0,https://prod-1.storage.jamendo.com/download/track/2863/mp32/,2863.mp3,rock
2864,Beaming with joy,Hallu,first,354.0,https://prod-1.storage.jamendo.com/download/track/2864/mp32/,2864.mp3,rock
2865,D'amour et de Douleur,David Law,D'amour et de Douleur,168.0,https://prod-1.storage.jamendo.com/download/track/2865/mp32/,2865.mp3,pop
2866,Vagues,David Law,D'amour et de Douleur,162.0,https://prod-1.storage.jamendo.com/download/track/2866/mp32/,2866.mp3,pop
2867,Sun is Shining,David Law,D'amour et de Douleur,60.0,https://prod-1.storage.jamendo.com/download/track/2867/mp32/,2867.mp3,pop
2868,L'Envers du Décor,David Law,D'amour et de Douleur,232.0,https://prod-1.storage.jamendo.com/download/track/2868/mp32/,2868.mp3,pop
2869,We Know the Dream,David Law,D'amour et de Douleur,265.0,https://prod-1.storage.jamendo.com/download/track/2869/mp32/,2869.mp3,pop
2870,New Moon,David Law,D'amour et de Douleur,246.0,https://prod-1.storage.jamendo.com/download/track/2870/mp32/,2870.mp3,pop
2871,The last year's gone,David Law,D'amour et de Douleur,304.0,https://prod-1.storage.jamendo.com/download/track/2871/mp32/,2871.mp3,pop
2872,Hélium III part I & II,David Law,D'amour et de Douleur,358.0,https://prod-1.storage.jamendo.com/download/track/2872/mp32/,2872.mp3,pop
2873,Delay,David Law,D'amour et de Douleur,94.0,https://prod-1.storage.jamendo.com/download/track/2873/mp32/,2873.mp3,pop
2874,Dancing in the Shadow,David Law,D'amour et de Douleur,117.0,https://prod-1.storage.jamendo.com/download/track/2874/mp32/,2874.mp3,pop
2875,Welcome,David Law,D'amour et de Douleur,123.0,https://prod-1.storage.jamendo.com/download/track/2875/mp32/,2875.mp3,pop
2876,Hammer du Vent,David Law,D'amour et de Douleur,158.0,https://prod-1.storage.jamendo.com/download/track/2876/mp32/,2876.mp3,pop
2877,Tends vers la joie,David Law,D'amour et de Douleur,374.0,https://prod-1.storage.jamendo.com/download/track/2877/mp32/,2877.mp3,pop
2878,Les Heures Suicides,David Law,D'amour et de Douleur,234.0,https://prod-1.storage.jamendo.com/download/track/2878/mp32/,2878.mp3,pop
2879,Trilogie Part III,David Law,D'amour et de Douleur,141.0,https://prod-1.storage.jamendo.com/download/track/2879/mp32/,2879.mp3,pop
2880,Waiting for More,David Law,D'amour et de Douleur,249.0,https://prod-1.storage.jamendo.com/download/track/2880/mp32/,2880.mp3,pop
2881,Les Heures Tragiques,David Law,D'amour et de Douleur,195.0,https://prod-1.storage.jamendo.com/download/track/2881/mp32/,2881.mp3,pop
2882,We could Fly,David Law,D'amour et de Douleur,208.0,https://prod-1.storage.jamendo.com/download/track/2882/mp32/,2882.mp3,pop
2883,Headache,Bleacher,Body exploration,312.0,https://prod-1.storage.jamendo.com/download/track/2883/mp32/,2883.mp3,electronic
2884,Nose,Bleacher,Body exploration,546.0,https://prod-1.storage.jamendo.com/download/track/2884/mp32/,2884.mp3,electronic
2885,Broken legs,Bleacher,Body exploration,246.0,https://prod-1.storage.jamendo.com/download/track/2885/mp32/,2885.mp3,electronic
2886,A hand full of fingers,Bleacher,Body exploration,414.0,https://prod-1.storage.jamendo.com/download/track/2886/mp32/,2886.mp3,electronic
2887,Big bellyache,Bleacher,Body exploration,520.0,https://prod-1.storage.jamendo.com/download/track/2887/mp32/,2887.mp3,electronic
2888,The tongue behind the teet,Bleacher,Body exploration,353.0,https://prod-1.storage.jamendo.com/download/track/2888/mp32/,2888.mp3,electronic
2889,Ears on the ground,Bleacher,Body exploration,403.0,https://prod-1.storage.jamendo.com/download/track/2889/mp32/,2889.mp3,electronic
2890,Bleeding knees,Bleacher,Body exploration,446.0,https://prod-1.storage.jamendo.com/download/track/2890/mp32/,2890.mp3,electronic
2891,Open the mouth (slow love remix),Bleacher,Body exploration,258.0,https://prod-1.storage.jamendo.com/download/track/2891/mp32/,2891.mp3,electronic
2892,The tongue behind the teeth (ammoniacal remix),Bleacher,Body exploration,302.0,https://prod-1.storage.jamendo.com/download/track/2892/mp32/,2892.mp3,electronic
2893,Sea,The 17 Sons of Abraxas,seagulls circle endlessly,708.0,https://prod-1.storage.jamendo.com/download/track/2893/mp32/,2893.mp3,electronic
2894,Gulls,The 17 Sons of Abraxas,seagulls circle endlessly,782.0,https://prod-1.storage.jamendo.com/download/track/2894/mp32/,2894.mp3,electronic
2895,Circle,The 17 Sons of Abraxas,seagulls circle endlessly,806.0,https://prod-1.storage.jamendo.com/download/track/2895/mp32/,2895.mp3,electronic
2896,End,The 17 Sons of Abraxas,seagulls circle endlessly,952.0,https://prod-1.storage.jamendo.com/download/track/2896/mp32/,2896.mp3,electronic
2897,Leslie,The 17 Sons of Abraxas,seagulls circle endlessly,480.0,https://prod-1.storage.jamendo.com/download/track/2897/mp32/,2897.mp3,electronic
2966,De toute Façon,XeMa,1éres Prises,198.0,https://prod-1.storage.jamendo.com/download/track/2966/mp32/,2966.mp3,funk
2967,Un gentil GI,XeMa,1éres Prises,259.0,https://prod-1.storage.jamendo.com/download/track/2967/mp32/,2967.mp3,pop
2968,Irremplaçable,XeMa,1éres Prises,270.0,https://prod-1.storage.jamendo.com/download/track/2968/mp32/,2968.mp3,funk
2969,Perdure à l'usure,XeMa,1éres Prises,168.0,https://prod-1.storage.jamendo.com/download/track/2969/mp32/,2969.mp3,funk
2970,Beach paradise,XeMa,1éres Prises,175.0,https://prod-1.storage.jamendo.com/download/track/2970/mp32/,2970.mp3,jazz
2971,Soutien Divin,XeMa,1éres Prises,238.0,https://prod-1.storage.jamendo.com/download/track/2971/mp32/,2971.mp3,pop
2972,Brandon,XeMa,1éres Prises,283.0,https://prod-1.storage.jamendo.com/download/track/2972/mp32/,2972.mp3,pop
3020,Jam session 01,Schizoidal,Jam sessions EP,270.0,https://prod-1.storage.jamendo.com/download/track/3020/mp32/,3020.mp3,electronic
3021,Jam session 02,Schizoidal,Jam sessions EP,235.0,https://prod-1.storage.jamendo.com/download/track/3021/mp32/,3021.mp3,electronic
3022,Jam session 03,Schizoidal,Jam sessions EP,244.0,https://prod-1.storage.jamendo.com/download/track/3022/mp32/,3022.mp3,electronic
3023,Jam session 04,Schizoidal,Jam sessions EP,251.0,https://prod-1.storage.jamendo.com/download/track/3023/mp32/,3023.mp3,electronic
3030,Earth bleeding,Schizoidal,Black moon EP,383.0,https://prod-1.storage.jamendo.com/download/track/3030/mp32/,3030.mp3,electronic
3031,Fragile bird,Schizoidal,Black moon EP,239.0,https://prod-1.storage.jamendo.com/download/track/3031/mp32/,3031.mp3,electronic
3032,Bowling balls,Schizoidal,Black moon EP,259.0,https://prod-1.storage.jamendo.com/download/track/3032/mp32/,3032.mp3,electronic
3033,No waves around,Schizoidal,Black moon EP,390.0,https://prod-1.storage.jamendo.com/download/track/3033/mp32/,3033.mp3,electronic
3096,J'm'imaginais (version brésilienne),DRDJEKILL,DRDJEKILL 3,211.0,https://prod-1.storage.jamendo.com/download/track/3096/mp32/,3096.mp3,bossanova
3097,Sous le soleil Jamaique,DRDJEKILL,DRDJEKILL 3,192.0,https://prod-1.storage.jamendo.com/download/track/3097/mp32/,3097.mp3,pop
3098,Amour pas touche,DRDJEKILL,DRDJEKILL 3,169.0,https://prod-1.storage.jamendo.com/download/track/3098/mp32/,3098.mp3,pop
3099,"Toi, fais ce que tu voudras",DRDJEKILL,DRDJEKILL 3,190.0,https://prod-1.storage.jamendo.com/download/track/3099/mp32/,3099.mp3,pop
3100,C'était un ami,DRDJEKILL,DRDJEKILL 3,198.0,https://prod-1.storage.jamendo.com/download/track/3100/mp32/,3100.mp3,electronic
3101,Il importe de n'être rien,DRDJEKILL,DRDJEKILL 3,188.0,https://prod-1.storage.jamendo.com/download/track/3101/mp32/,3101.mp3,pop
3102,I love you and you love me,DRDJEKILL,DRDJEKILL 3,209.0,https://prod-1.storage.jamendo.com/download/track/3102/mp32/,3102.mp3,pop
3103,J'm'imaginais (version française),DRDJEKILL,DRDJEKILL 3,202.0,https://prod-1.storage.jamendo.com/download/track/3103/mp32/,3103.mp3,bossanova
3108,Dance to the moon,Hallu,substratus EP,384.0,https://prod-1.storage.jamendo.com/download/track/3108/mp32/,3108.mp3,rock
3109,Check back,Hallu,substratus EP,410.0,https://prod-1.storage.jamendo.com/download/track/3109/mp32/,3109.mp3,rock
3110,Universe,Hallu,substratus EP,361.0,https://prod-1.storage.jamendo.com/download/track/3110/mp32/,3110.mp3,rock
3111,Synthesis minor,Hallu,substratus EP,373.0,https://prod-1.storage.jamendo.com/download/track/3111/mp32/,3111.mp3,rock
3112,Mystic light,The 17 Sons of Abraxas,Emergence,340.0,https://prod-1.storage.jamendo.com/download/track/3112/mp32/,3112.mp3,ambient
3113,Blind questions,The 17 Sons of Abraxas,Emergence,340.0,https://prod-1.storage.jamendo.com/download/track/3113/mp32/,3113.mp3,electronic
3114,A flux of red water,The 17 Sons of Abraxas,Emergence,390.0,https://prod-1.storage.jamendo.com/download/track/3114/mp32/,3114.mp3,electronic
3115,In through,The 17 Sons of Abraxas,Emergence,676.0,https://prod-1.storage.jamendo.com/download/track/3115/mp32/,3115.mp3,electronic
3116,Night on moon,The 17 Sons of Abraxas,Emergence,372.0,https://prod-1.storage.jamendo.com/download/track/3116/mp32/,3116.mp3,electronic
3117,Shall I come in your world ?,The 17 Sons of Abraxas,Emergence,577.0,https://prod-1.storage.jamendo.com/download/track/3117/mp32/,3117.mp3,electronic
3121,Do It Right,Amalfi,The Passenger,278.0,https://prod-1.storage.jamendo.com/download/track/3121/mp32/,3121.mp3,triphop
3122,Wonderwoman,Amalfi,The Passenger,326.0,https://prod-1.storage.jamendo.com/download/track/3122/mp32/,3122.mp3,house
3123,Femme Fatale,Amalfi,The Passenger,367.0,https://prod-1.storage.jamendo.com/download/track/3123/mp32/,3123.mp3,triphop
3125,Hell Angels,Amalfi,The Passenger,348.0,https://prod-1.storage.jamendo.com/download/track/3125/mp32/,3125.mp3,ambient
3126,Gondwana,Amalfi,The Passenger,350.0,https://prod-1.storage.jamendo.com/download/track/3126/mp32/,3126.mp3,newage
3127,Deep Space Six,Amalfi,The Passenger,266.0,https://prod-1.storage.jamendo.com/download/track/3127/mp32/,3127.mp3,ambient
3128,Meiji Reibo,Amalfi,The Passenger,382.0,https://prod-1.storage.jamendo.com/download/track/3128/mp32/,3128.mp3,newage
3129,Gartenzwerg Boogie,Amalfi,The Passenger,376.0,https://prod-1.storage.jamendo.com/download/track/3129/mp32/,3129.mp3,triphop
3130,Azazello,Amalfi,The Passenger,330.0,https://prod-1.storage.jamendo.com/download/track/3130/mp32/,3130.mp3,triphop
3149,Intro (Instru),BoX,Demo 2k5,163.0,https://prod-1.storage.jamendo.com/download/track/3149/mp32/,3149.mp3,rock
3194,bis repetita,Mihidea,Don't doubt EP,174.0,https://prod-1.storage.jamendo.com/download/track/3194/mp32/,3194.mp3,rock
3195,salutations,Mihidea,Don't doubt EP,144.0,https://prod-1.storage.jamendo.com/download/track/3195/mp32/,3195.mp3,rock
3196,rising trees over the forest,Mihidea,Don't doubt EP,142.0,https://prod-1.storage.jamendo.com/download/track/3196/mp32/,3196.mp3,rock
3197,nasal salt,Mihidea,Don't doubt EP,257.0,https://prod-1.storage.jamendo.com/download/track/3197/mp32/,3197.mp3,rock
3198,trans stars,Mihidea,Don't doubt EP,201.0,https://prod-1.storage.jamendo.com/download/track/3198/mp32/,3198.mp3,rock
3206,ash force,Mihidea,Follow your intuition EP,192.0,https://prod-1.storage.jamendo.com/download/track/3206/mp32/,3206.mp3,rock
3207,redemption wave,Mihidea,Follow your intuition EP,236.0,https://prod-1.storage.jamendo.com/download/track/3207/mp32/,3207.mp3,rock
3208,vox rhythm,Mihidea,Follow your intuition EP,222.0,https://prod-1.storage.jamendo.com/download/track/3208/mp32/,3208.mp3,rock
3209,debut,Mihidea,Follow your intuition EP,330.0,https://prod-1.storage.jamendo.com/download/track/3209/mp32/,3209.mp3,rock
3210,"Two heads, one body",Chroma,Second,380.0,https://prod-1.storage.jamendo.com/download/track/3210/mp32/,3210.mp3,electronic
3211,Never shaved girl,Chroma,Second,389.0,https://prod-1.storage.jamendo.com/download/track/3211/mp32/,3211.mp3,electronic
3212,Zero smoke,Chroma,Second,360.0,https://prod-1.storage.jamendo.com/download/track/3212/mp32/,3212.mp3,electronic
3213,New planet,Chroma,Second,416.0,https://prod-1.storage.jamendo.com/download/track/3213/mp32/,3213.mp3,electronic
3214,Cathedral,Chroma,Second,425.0,https://prod-1.storage.jamendo.com/download/track/3214/mp32/,3214.mp3,electronic
3215,Urban fools,Chroma,Second,325.0,https://prod-1.storage.jamendo.com/download/track/3215/mp32/,3215.mp3,electronic
3216,Non freezing,Chroma,Second,379.0,https://prod-1.storage.jamendo.com/download/track/3216/mp32/,3216.mp3,electronic
3217,Cash,Chroma,Second,445.0,https://prod-1.storage.jamendo.com/download/track/3217/mp32/,3217.mp3,electronic
3218,apricot,Mihidea,Of food EP,249.0,https://prod-1.storage.jamendo.com/download/track/3218/mp32/,3218.mp3,rock
3219,carrot,Mihidea,Of food EP,278.0,https://prod-1.storage.jamendo.com/download/track/3219/mp32/,3219.mp3,rock
3220,royal jelly,Mihidea,Of food EP,308.0,https://prod-1.storage.jamendo.com/download/track/3220/mp32/,3220.mp3,rock
3221,cakes,Mihidea,Of food EP,445.0,https://prod-1.storage.jamendo.com/download/track/3221/mp32/,3221.mp3,rock
3222,Global strategy for spreading happyness,Mihidea,Mind expansion EP,430.0,https://prod-1.storage.jamendo.com/download/track/3222/mp32/,3222.mp3,rock
3223,Forclosing,Mihidea,Mind expansion EP,325.0,https://prod-1.storage.jamendo.com/download/track/3223/mp32/,3223.mp3,rock
3224,Galactic sadness,Mihidea,Mind expansion EP,227.0,https://prod-1.storage.jamendo.com/download/track/3224/mp32/,3224.mp3,rock
3225,Snake desire hunt,Mihidea,Mind expansion EP,347.0,https://prod-1.storage.jamendo.com/download/track/3225/mp32/,3225.mp3,rock
3227,A nos enfants,JCG,Crazy Funky,216.0,https://prod-1.storage.jamendo.com/download/track/3227/mp32/,3227.mp3,funk
3230,Crazy funky,JCG,Crazy Funky,205.0,https://prod-1.storage.jamendo.com/download/track/3230/mp32/,3230.mp3,funk
3270,Ouverture,Manuzik,Ouverture,225.0,https://prod-1.storage.jamendo.com/download/track/3270/mp32/,3270.mp3,electronic
3271,GuitarOutlook,Manuzik,Ouverture,185.0,https://prod-1.storage.jamendo.com/download/track/3271/mp32/,3271.mp3,triphop
3272,Habanera,Manuzik,Ouverture,152.0,https://prod-1.storage.jamendo.com/download/track/3272/mp32/,3272.mp3,world
3273,JazzProg,Manuzik,Ouverture,385.0,https://prod-1.storage.jamendo.com/download/track/3273/mp32/,3273.mp3,jazz
3274,SummerInTokyo(SemiMix),Manuzik,Ouverture,318.0,https://prod-1.storage.jamendo.com/download/track/3274/mp32/,3274.mp3,triphop
3275,Electroballade,Manuzik,Ouverture,230.0,https://prod-1.storage.jamendo.com/download/track/3275/mp32/,3275.mp3,triphop
3276,Oia,Manuzik,Ouverture,209.0,https://prod-1.storage.jamendo.com/download/track/3276/mp32/,3276.mp3,chillout
3277,Ambience,Manuzik,Ouverture,232.0,https://prod-1.storage.jamendo.com/download/track/3277/mp32/,3277.mp3,rock
3278,OldSchool,Manuzik,Ouverture,193.0,https://prod-1.storage.jamendo.com/download/track/3278/mp32/,3278.mp3,triphop
3279,MovingFrequencies,Manuzik,Ouverture,337.0,https://prod-1.storage.jamendo.com/download/track/3279/mp32/,3279.mp3,triphop
3280,FromTheDarkSide,Manuzik,Ouverture,154.0,https://prod-1.storage.jamendo.com/download/track/3280/mp32/,3280.mp3,triphop
3281,Sortie,Manuzik,Ouverture,109.0,https://prod-1.storage.jamendo.com/download/track/3281/mp32/,3281.mp3,triphop
3346,Hey Girl,Mel's,Hey Girl,194.0,https://prod-1.storage.jamendo.com/download/track/3346/mp32/,3346.mp3,pop
3347,Un Sentier,Mel's,Hey Girl,201.0,https://prod-1.storage.jamendo.com/download/track/3347/mp32/,3347.mp3,poprock
3348,Une Nuit,Mel's,Hey Girl,253.0,https://prod-1.storage.jamendo.com/download/track/3348/mp32/,3348.mp3,dreampop
3349,Traverse le Temps,Mel's,Hey Girl,228.0,https://prod-1.storage.jamendo.com/download/track/3349/mp32/,3349.mp3,pop
3350,Hey Girl (english version),Mel's,Hey Girl,194.0,https://prod-1.storage.jamendo.com/download/track/3350/mp32/,3350.mp3,pop
3351,Brutish,Liquid concept,Loaded EP,184.0,https://prod-1.storage.jamendo.com/download/track/3351/mp32/,3351.mp3,rock
3352,Aridness,Liquid concept,Loaded EP,152.0,https://prod-1.storage.jamendo.com/download/track/3352/mp32/,3352.mp3,rock
3353,Deployement,Liquid concept,Loaded EP,205.0,https://prod-1.storage.jamendo.com/download/track/3353/mp32/,3353.mp3,rock
3354,Cracking,Liquid concept,Loaded EP,201.0,https://prod-1.storage.jamendo.com/download/track/3354/mp32/,3354.mp3,rock
3380,Générique 1,Religionnaire,Religionnaire III : Terre à Taire,130.0,https://prod-1.storage.jamendo.com/download/track/3380/mp32/,3380.mp3,pop
3381,Sélection Surnaturelle,Religionnaire,Religionnaire III : Terre à Taire,561.0,https://prod-1.storage.jamendo.com/download/track/3381/mp32/,3381.mp3,pop
3382,Irrespirable,Religionnaire,Religionnaire III : Terre à Taire,443.0,https://prod-1.storage.jamendo.com/download/track/3382/mp32/,3382.mp3,pop
3383,La Vie Sans Toxiques,Religionnaire,Religionnaire III : Terre à Taire,388.0,https://prod-1.storage.jamendo.com/download/track/3383/mp32/,3383.mp3,pop
3384,Ave Sigmund,Religionnaire,Religionnaire III : Terre à Taire,28.0,https://prod-1.storage.jamendo.com/download/track/3384/mp32/,3384.mp3,pop
3385,Pervertira,Religionnaire,Religionnaire III : Terre à Taire,279.0,https://prod-1.storage.jamendo.com/download/track/3385/mp32/,3385.mp3,pop
3386,Silverman,Religionnaire,Religionnaire III : Terre à Taire,269.0,https://prod-1.storage.jamendo.com/download/track/3386/mp32/,3386.mp3,pop
3387,Générique 2,Religionnaire,Religionnaire III : Terre à Taire,298.0,https://prod-1.storage.jamendo.com/download/track/3387/mp32/,3387.mp3,rock
3406,Igor's trip,Boris & Maxime,Zylone,375.0,https://prod-1.storage.jamendo.com/download/track/3406/mp32/,3406.mp3,pop
3407,Peak,Boris & Maxime,Zylone,292.0,https://prod-1.storage.jamendo.com/download/track/3407/mp32/,3407.mp3,pop
3408,Indien,Boris & Maxime,Zylone,352.0,https://prod-1.storage.jamendo.com/download/track/3408/mp32/,3408.mp3,pop
3409,Balade Sarthoise,Boris & Maxime,Zylone,295.0,https://prod-1.storage.jamendo.com/download/track/3409/mp32/,3409.mp3,pop
3431,Avant j'étais trappeur,David TMX,Avant j'étais trappeur,214.0,https://prod-1.storage.jamendo.com/download/track/3431/mp32/,3431.mp3,rock
3435,Mé j'suis po un bréton !,David TMX,Avant j'étais trappeur,167.0,https://prod-1.storage.jamendo.com/download/track/3435/mp32/,3435.mp3,rock
3437,Univers lisse,David TMX,Avant j'étais trappeur,107.0,https://prod-1.storage.jamendo.com/download/track/3437/mp32/,3437.mp3,metal
3439,Nicht rauchen,David TMX,Avant j'étais trappeur,135.0,https://prod-1.storage.jamendo.com/download/track/3439/mp32/,3439.mp3,metal
3442,Conférie médiocritas,David TMX,Avant j'étais trappeur,133.0,https://prod-1.storage.jamendo.com/download/track/3442/mp32/,3442.mp3,metal
3444,"TMX, Paris",David TMX,Avant j'étais trappeur,151.0,https://prod-1.storage.jamendo.com/download/track/3444/mp32/,3444.mp3,metal
3445,Alava comme j'te pousse,David TMX,Avant j'étais trappeur,171.0,https://prod-1.storage.jamendo.com/download/track/3445/mp32/,3445.mp3,metal
3447,Le ridicule ne tue pas,David TMX,Avant j'étais trappeur,218.0,https://prod-1.storage.jamendo.com/download/track/3447/mp32/,3447.mp3,metal
3448,4 degrés 7,David TMX,Avant j'étais trappeur,226.0,https://prod-1.storage.jamendo.com/download/track/3448/mp32/,3448.mp3,metal
3449,Bourré de longue date,David TMX,Avant j'étais trappeur,113.0,https://prod-1.storage.jamendo.com/download/track/3449/mp32/,3449.mp3,metal
3451,L'appel de la gazelle,David TMX,Avant j'étais trappeur,152.0,https://prod-1.storage.jamendo.com/download/track/3451/mp32/,3451.mp3,metal
3452,Pour un monde meilleur,David TMX,Avant j'étais trappeur,208.0,https://prod-1.storage.jamendo.com/download/track/3452/mp32/,3452.mp3,metal
3453,John Kafé disjoncte,David TMX,Avant j'étais trappeur,242.0,https://prod-1.storage.jamendo.com/download/track/3453/mp32/,3453.mp3,metal
3454,L'aube lunaire,David TMX,Avant j'étais trappeur,149.0,https://prod-1.storage.jamendo.com/download/track/3454/mp32/,3454.mp3,metal
3516,Gum Man,humeka,Discuss,228.0,https://prod-1.storage.jamendo.com/download/track/3516/mp32/,3516.mp3,electronic
3517,Agent Entropique,humeka,Discuss,289.0,https://prod-1.storage.jamendo.com/download/track/3517/mp32/,3517.mp3,techno
3518,W2K,humeka,Discuss,269.0,https://prod-1.storage.jamendo.com/download/track/3518/mp32/,3518.mp3,techno
3519,Flux,humeka,Discuss,259.0,https://prod-1.storage.jamendo.com/download/track/3519/mp32/,3519.mp3,techno
3520,Dub Test,humeka,Discuss,236.0,https://prod-1.storage.jamendo.com/download/track/3520/mp32/,3520.mp3,dub
3521,Me Theory,humeka,Discuss,290.0,https://prod-1.storage.jamendo.com/download/track/3521/mp32/,3521.mp3,techno
3522,The Sound,humeka,Discuss,310.0,https://prod-1.storage.jamendo.com/download/track/3522/mp32/,3522.mp3,techno
3523,Shift,humeka,Discuss,211.0,https://prod-1.storage.jamendo.com/download/track/3523/mp32/,3523.mp3,techno
3524,Ehkii,humeka,Discuss,266.0,https://prod-1.storage.jamendo.com/download/track/3524/mp32/,3524.mp3,electronic
3525,Blind Alley,humeka,Discuss,266.0,https://prod-1.storage.jamendo.com/download/track/3525/mp32/,3525.mp3,techno
3526,Dive,humeka,Discuss,320.0,https://prod-1.storage.jamendo.com/download/track/3526/mp32/,3526.mp3,electronic
3569,marked by death,Liquid concept,Defragmented EP,216.0,https://prod-1.storage.jamendo.com/download/track/3569/mp32/,3569.mp3,rock
3570,animal animation,Liquid concept,Defragmented EP,190.0,https://prod-1.storage.jamendo.com/download/track/3570/mp32/,3570.mp3,rock
3571,o salvation,Liquid concept,Defragmented EP,293.0,https://prod-1.storage.jamendo.com/download/track/3571/mp32/,3571.mp3,rock
3572,touchstone,Liquid concept,Defragmented EP,362.0,https://prod-1.storage.jamendo.com/download/track/3572/mp32/,3572.mp3,rock
3609,Furry,BUREAU DES FLUIDES,EXTRA SYSTOL,158.0,https://prod-1.storage.jamendo.com/download/track/3609/mp32/,3609.mp3,electronic
3610,Marche,BUREAU DES FLUIDES,EXTRA SYSTOL,132.0,https://prod-1.storage.jamendo.com/download/track/3610/mp32/,3610.mp3,electronic
3611,Revisitée,BUREAU DES FLUIDES,EXTRA SYSTOL,140.0,https://prod-1.storage.jamendo.com/download/track/3611/mp32/,3611.mp3,hiphop
3613,La Part Des Anges,BUREAU DES FLUIDES,EXTRA SYSTOL,200.0,https://prod-1.storage.jamendo.com/download/track/3613/mp32/,3613.mp3,rock
3640,tannenbaum,The Links,I can die on the TV,205.0,https://prod-1.storage.jamendo.com/download/track/3640/mp32/,3640.mp3,rock
3641,inocenta me,The Links,I can die on the TV,259.0,https://prod-1.storage.jamendo.com/download/track/3641/mp32/,3641.mp3,rock
3642,t-4-3,The Links,I can die on the TV,380.0,https://prod-1.storage.jamendo.com/download/track/3642/mp32/,3642.mp3,rock
3643,take 5,The Links,I can die on the TV,243.0,https://prod-1.storage.jamendo.com/download/track/3643/mp32/,3643.mp3,rock
3644,blind as a bat,The Links,I can die on the TV,242.0,https://prod-1.storage.jamendo.com/download/track/3644/mp32/,3644.mp3,rock
3645,noyé(e),The Links,I can die on the TV,34.0,https://prod-1.storage.jamendo.com/download/track/3645/mp32/,3645.mp3,rock
3667,Générique Début,Grégoire Lourme,Etat D'Esprit,65.0,https://prod-1.storage.jamendo.com/download/track/3667/mp32/,3667.mp3,electronic
3668,Home Sweet Home,Grégoire Lourme,Etat D'Esprit,102.0,https://prod-1.storage.jamendo.com/download/track/3668/mp32/,3668.mp3,electronic
3669,Le Viol/Madame X/Vol De Voiture,Grégoire Lourme,Etat D'Esprit,241.0,https://prod-1.storage.jamendo.com/download/track/3669/mp32/,3669.mp3,triphop
3670,Souvenirs De Guerre/Le Vieux Fort,Grégoire Lourme,Etat D'Esprit,234.0,https://prod-1.storage.jamendo.com/download/track/3670/mp32/,3670.mp3,electronic
3671,Le Parking,Grégoire Lourme,Etat D'Esprit,47.0,https://prod-1.storage.jamendo.com/download/track/3671/mp32/,3671.mp3,electronic
3673,Poursuite En Voiture,Grégoire Lourme,Etat D'Esprit,188.0,https://prod-1.storage.jamendo.com/download/track/3673/mp32/,3673.mp3,electronic
3674,Arrivée Au Fort,Grégoire Lourme,Etat D'Esprit,98.0,https://prod-1.storage.jamendo.com/download/track/3674/mp32/,3674.mp3,electronic
3675,Les Méchants Arrivent,Grégoire Lourme,Etat D'Esprit,94.0,https://prod-1.storage.jamendo.com/download/track/3675/mp32/,3675.mp3,electronic
3678,Ludo Au Rapport,Grégoire Lourme,Etat D'Esprit,56.0,https://prod-1.storage.jamendo.com/download/track/3678/mp32/,3678.mp3,electronic
3679,Tir Au Pigeon,Grégoire Lourme,Etat D'Esprit,62.0,https://prod-1.storage.jamendo.com/download/track/3679/mp32/,3679.mp3,electronic
3680,Le Repli Du Sniper,Grégoire Lourme,Etat D'Esprit,54.0,https://prod-1.storage.jamendo.com/download/track/3680/mp32/,3680.mp3,triphop
3682,La Folie,Grégoire Lourme,Etat D'Esprit,37.0,https://prod-1.storage.jamendo.com/download/track/3682/mp32/,3682.mp3,electronic
3683,Duel,Grégoire Lourme,Etat D'Esprit,62.0,https://prod-1.storage.jamendo.com/download/track/3683/mp32/,3683.mp3,electronic
3684,La Tragédie,Grégoire Lourme,Etat D'Esprit,74.0,https://prod-1.storage.jamendo.com/download/track/3684/mp32/,3684.mp3,electronic
3685,Inspection,Grégoire Lourme,Etat D'Esprit,73.0,https://prod-1.storage.jamendo.com/download/track/3685/mp32/,3685.mp3,electronic
3686,La Mauvaise Nouvelle,Grégoire Lourme,Etat D'Esprit,136.0,https://prod-1.storage.jamendo.com/download/track/3686/mp32/,3686.mp3,electronic
3689,Liquid led,Chroma,Third,623.0,https://prod-1.storage.jamendo.com/download/track/3689/mp32/,3689.mp3,electronic
3690,Natural way,Chroma,Third,363.0,https://prod-1.storage.jamendo.com/download/track/3690/mp32/,3690.mp3,electronic
3691,Apotheosis,Chroma,Third,608.0,https://prod-1.storage.jamendo.com/download/track/3691/mp32/,3691.mp3,electronic
3692,Exception,Chroma,Third,398.0,https://prod-1.storage.jamendo.com/download/track/3692/mp32/,3692.mp3,electronic
3693,Noodles,Chroma,Third,408.0,https://prod-1.storage.jamendo.com/download/track/3693/mp32/,3693.mp3,electronic
3694,Wasted time,Chroma,Third,438.0,https://prod-1.storage.jamendo.com/download/track/3694/mp32/,3694.mp3,electronic
3695,Grace,Chroma,Third,369.0,https://prod-1.storage.jamendo.com/download/track/3695/mp32/,3695.mp3,electronic
3696,Animals run,Chroma,Third,328.0,https://prod-1.storage.jamendo.com/download/track/3696/mp32/,3696.mp3,electronic
3706,The wolf who hunted,Liquid concept,Concentric ethics,302.0,https://prod-1.storage.jamendo.com/download/track/3706/mp32/,3706.mp3,rock
3707,The man who felt,Liquid concept,Concentric ethics,168.0,https://prod-1.storage.jamendo.com/download/track/3707/mp32/,3707.mp3,rock
3708,The octopus who floated,Liquid concept,Concentric ethics,264.0,https://prod-1.storage.jamendo.com/download/track/3708/mp32/,3708.mp3,rock
3709,The tiger who roared,Liquid concept,Concentric ethics,317.0,https://prod-1.storage.jamendo.com/download/track/3709/mp32/,3709.mp3,rock
3710,The spider who climbed,Liquid concept,Concentric ethics,272.0,https://prod-1.storage.jamendo.com/download/track/3710/mp32/,3710.mp3,rock
3711,The snake who watched,Liquid concept,Concentric ethics,190.0,https://prod-1.storage.jamendo.com/download/track/3711/mp32/,3711.mp3,rock
3712,The pidgeon who sang,Liquid concept,Concentric ethics,184.0,https://prod-1.storage.jamendo.com/download/track/3712/mp32/,3712.mp3,rock
3713,The mice who ran,Liquid concept,Concentric ethics,237.0,https://prod-1.storage.jamendo.com/download/track/3713/mp32/,3713.mp3,rock
3714,The bear who slept,Liquid concept,Concentric ethics,306.0,https://prod-1.storage.jamendo.com/download/track/3714/mp32/,3714.mp3,rock
3715,The lamb who walked,Liquid concept,Concentric ethics,363.0,https://prod-1.storage.jamendo.com/download/track/3715/mp32/,3715.mp3,rock
3723,Liquid led,Chroma,Third (A remix),518.0,https://prod-1.storage.jamendo.com/download/track/3723/mp32/,3723.mp3,electronic
3724,Natural way,Chroma,Third (A remix),605.0,https://prod-1.storage.jamendo.com/download/track/3724/mp32/,3724.mp3,electronic
3725,Apotheosis part 1,Chroma,Third (A remix),342.0,https://prod-1.storage.jamendo.com/download/track/3725/mp32/,3725.mp3,electronic
3726,Apotheosis part 2,Chroma,Third (A remix),282.0,https://prod-1.storage.jamendo.com/download/track/3726/mp32/,3726.mp3,electronic
3727,Exception,Chroma,Third (A remix),421.0,https://prod-1.storage.jamendo.com/download/track/3727/mp32/,3727.mp3,electronic
3728,Noodles,Chroma,Third (A remix),680.0,https://prod-1.storage.jamendo.com/download/track/3728/mp32/,3728.mp3,electronic
3729,Time wasted,Chroma,Third (A remix),431.0,https://prod-1.storage.jamendo.com/download/track/3729/mp32/,3729.mp3,electronic
3730,Grace,Chroma,Third (A remix),308.0,https://prod-1.storage.jamendo.com/download/track/3730/mp32/,3730.mp3,electronic
3731,Animals run,Chroma,Third (A remix),392.0,https://prod-1.storage.jamendo.com/download/track/3731/mp32/,3731.mp3,electronic
3738,Liquid led,Chroma,Third (B remix),331.0,https://prod-1.storage.jamendo.com/download/track/3738/mp32/,3738.mp3,electronic
3739,Natural way,Chroma,Third (B remix),704.0,https://prod-1.storage.jamendo.com/download/track/3739/mp32/,3739.mp3,electronic
3740,apotheosis,Chroma,Third (B remix),540.0,https://prod-1.storage.jamendo.com/download/track/3740/mp32/,3740.mp3,electronic
3741,Exception,Chroma,Third (B remix),564.0,https://prod-1.storage.jamendo.com/download/track/3741/mp32/,3741.mp3,electronic
3742,Noodles,Chroma,Third (B remix),445.0,https://prod-1.storage.jamendo.com/download/track/3742/mp32/,3742.mp3,electronic
3743,Time wasted,Chroma,Third (B remix),705.0,https://prod-1.storage.jamendo.com/download/track/3743/mp32/,3743.mp3,electronic
3744,Grace,Chroma,Third (B remix),607.0,https://prod-1.storage.jamendo.com/download/track/3744/mp32/,3744.mp3,electronic
3745,Animals run,Chroma,Third (B remix),291.0,https://prod-1.storage.jamendo.com/download/track/3745/mp32/,3745.mp3,electronic
3888,Offshore,Liquid concept,Wisdom & sweetness EP,208.0,https://prod-1.storage.jamendo.com/download/track/3888/mp32/,3888.mp3,rock
3889,New directions,Liquid concept,Wisdom & sweetness EP,305.0,https://prod-1.storage.jamendo.com/download/track/3889/mp32/,3889.mp3,rock
3890,Malaria,Liquid concept,Wisdom & sweetness EP,219.0,https://prod-1.storage.jamendo.com/download/track/3890/mp32/,3890.mp3,rock
3899,Istanbul Engloutie,Rafiralfiro,Transe Lucide,334.0,https://prod-1.storage.jamendo.com/download/track/3899/mp32/,3899.mp3,world
3900,Ta! (tango agitato),Rafiralfiro,Transe Lucide,264.0,https://prod-1.storage.jamendo.com/download/track/3900/mp32/,3900.mp3,electronic
3901,Au commencement,Rafiralfiro,Transe Lucide,227.0,https://prod-1.storage.jamendo.com/download/track/3901/mp32/,3901.mp3,electronic
3902,Walk then Run,Rafiralfiro,Transe Lucide,119.0,https://prod-1.storage.jamendo.com/download/track/3902/mp32/,3902.mp3,rock
3903,Bad Trip à Barbès,Rafiralfiro,Transe Lucide,192.0,https://prod-1.storage.jamendo.com/download/track/3903/mp32/,3903.mp3,triphop
3904,If It Ain't Natural....part1 ( aquarium émancipé ),Rafiralfiro,Transe Lucide,255.0,https://prod-1.storage.jamendo.com/download/track/3904/mp32/,3904.mp3,electronic
3905,If It Ain't Natural....part2 ( dubing out ),Rafiralfiro,Transe Lucide,236.0,https://prod-1.storage.jamendo.com/download/track/3905/mp32/,3905.mp3,triphop
3906,Introspection,Rafiralfiro,Transe Lucide,259.0,https://prod-1.storage.jamendo.com/download/track/3906/mp32/,3906.mp3,electronic
3907,Badala !,Rafiralfiro,Transe Lucide,253.0,https://prod-1.storage.jamendo.com/download/track/3907/mp32/,3907.mp3,electronic
3908,Elixir ( ft. Lire-X ),Rafiralfiro,Transe Lucide,135.0,https://prod-1.storage.jamendo.com/download/track/3908/mp32/,3908.mp3,rap
3909,Ron y Mate,Rafiralfiro,Transe Lucide,194.0,https://prod-1.storage.jamendo.com/download/track/3909/mp32/,3909.mp3,electronic
3910,Morena,Rafiralfiro,Transe Lucide,181.0,https://prod-1.storage.jamendo.com/download/track/3910/mp32/,3910.mp3,triphop
3911,Duke,Rafiralfiro,Transe Lucide,159.0,https://prod-1.storage.jamendo.com/download/track/3911/mp32/,3911.mp3,jazz
3912,Partir,Rafiralfiro,Transe Lucide,349.0,https://prod-1.storage.jamendo.com/download/track/3912/mp32/,3912.mp3,electronic
3913,Berceuse,Rafiralfiro,Transe Lucide,237.0,https://prod-1.storage.jamendo.com/download/track/3913/mp32/,3913.mp3,rock
3914,Welcome to AB Smoke's Jazz Club,Rafiralfiro,Transe Lucide,312.0,https://prod-1.storage.jamendo.com/download/track/3914/mp32/,3914.mp3,nujazz
3915,Une Petite Bouchée?,Rafiralfiro,Transe Lucide,213.0,https://prod-1.storage.jamendo.com/download/track/3915/mp32/,3915.mp3,electronic
3932,râble & les siens,The Links,"una musica ""rabelaisien""",423.0,https://prod-1.storage.jamendo.com/download/track/3932/mp32/,3932.mp3,jazz
3933,l'âne au piquet,The Links,"una musica ""rabelaisien""",307.0,https://prod-1.storage.jamendo.com/download/track/3933/mp32/,3933.mp3,jazz
3934,crève yvette et hareng sourd,The Links,"una musica ""rabelaisien""",170.0,https://prod-1.storage.jamendo.com/download/track/3934/mp32/,3934.mp3,jazz
3935,strip tease,The Links,"una musica ""rabelaisien""",134.0,https://prod-1.storage.jamendo.com/download/track/3935/mp32/,3935.mp3,jazz
3936,jeromino,The Links,"una musica ""rabelaisien""",688.0,https://prod-1.storage.jamendo.com/download/track/3936/mp32/,3936.mp3,freejazz
3937,jack bouffe du bruit,The Links,"una musica ""rabelaisien""",195.0,https://prod-1.storage.jamendo.com/download/track/3937/mp32/,3937.mp3,jazz
3938,occupé!!,The Links,"una musica ""rabelaisien""",69.0,https://prod-1.storage.jamendo.com/download/track/3938/mp32/,3938.mp3,jazz
3939,destructuration,The Links,"una musica ""rabelaisien""",481.0,https://prod-1.storage.jamendo.com/download/track/3939/mp32/,3939.mp3,jazz
3940,le crabe et la morue,The Links,"una musica ""rabelaisien""",375.0,https://prod-1.storage.jamendo.com/download/track/3940/mp32/,3940.mp3,jazz
3961,P-F-M,FOXAPET,P-F-M,425.0,https://prod-1.storage.jamendo.com/download/track/3961/mp32/,3961.mp3,disco
3962,SEX IT UP,FOXAPET,P-F-M,318.0,https://prod-1.storage.jamendo.com/download/track/3962/mp32/,3962.mp3,rnb
3963,FEEL THE GROOVE,FOXAPET,P-F-M,315.0,https://prod-1.storage.jamendo.com/download/track/3963/mp32/,3963.mp3,funk
3964,MUSIC,FOXAPET,P-F-M,279.0,https://prod-1.storage.jamendo.com/download/track/3964/mp32/,3964.mp3,rnb
3983,"LE MONDE EST ""AFFAIRES""",DRDJEKILL,DRDJEKILL 1,243.0,https://prod-1.storage.jamendo.com/download/track/3983/mp32/,3983.mp3,bossanova
3984,BONNE CHANCE,DRDJEKILL,DRDJEKILL 1,228.0,https://prod-1.storage.jamendo.com/download/track/3984/mp32/,3984.mp3,pop
3985,DIS-MOI,DRDJEKILL,DRDJEKILL 1,218.0,https://prod-1.storage.jamendo.com/download/track/3985/mp32/,3985.mp3,jazz
3986,HISTOIRE D'UN SOIR,DRDJEKILL,DRDJEKILL 1,156.0,https://prod-1.storage.jamendo.com/download/track/3986/mp32/,3986.mp3,latinjazz
3987,UN DERNIER VERRE,DRDJEKILL,DRDJEKILL 1,201.0,https://prod-1.storage.jamendo.com/download/track/3987/mp32/,3987.mp3,pop
4028,Deew,deEjAyWaRnEr,SGURD,297.0,https://prod-1.storage.jamendo.com/download/track/4028/mp32/,4028.mp3,jazz
4241,Je vais bien,El Manu,Preum's !,249.0,https://prod-1.storage.jamendo.com/download/track/4241/mp32/,4241.mp3,poprock
4242,Capotes à un Franc,El Manu,Preum's !,188.0,https://prod-1.storage.jamendo.com/download/track/4242/mp32/,4242.mp3,country
4243,La mort de Dieu,El Manu,Preum's !,240.0,https://prod-1.storage.jamendo.com/download/track/4243/mp32/,4243.mp3,pop
4245,Le Temps,El Manu,Preum's !,152.0,https://prod-1.storage.jamendo.com/download/track/4245/mp32/,4245.mp3,pop
4246,Egoïste,El Manu,Preum's !,288.0,https://prod-1.storage.jamendo.com/download/track/4246/mp32/,4246.mp3,pop
4247,Le Vent,El Manu,Preum's !,254.0,https://prod-1.storage.jamendo.com/download/track/4247/mp32/,4247.mp3,pop
4248,Pipi sous la pluie,El Manu,Preum's !,60.0,https://prod-1.storage.jamendo.com/download/track/4248/mp32/,4248.mp3,kidsquirky
4249,Copain-Copine,El Manu,Preum's !,53.0,https://prod-1.storage.jamendo.com/download/track/4249/mp32/,4249.mp3,pop
4251,"Pas là, non",El Manu,Preum's !,38.0,https://prod-1.storage.jamendo.com/download/track/4251/mp32/,4251.mp3,pop
4302,"Dr Speed, Mr Slow",Paniak,"Dr Speed, Mr Slow",213.0,https://prod-1.storage.jamendo.com/download/track/4302/mp32/,4302.mp3,reggae
4305,Ah qué galère,Paniak,"Dr Speed, Mr Slow",213.0,https://prod-1.storage.jamendo.com/download/track/4305/mp32/,4305.mp3,reggae
4392,Un,DIY-note,Ruptures,317.0,https://prod-1.storage.jamendo.com/download/track/4392/mp32/,4392.mp3,world
4393,Le noir et la rage,DIY-note,Ruptures,340.0,https://prod-1.storage.jamendo.com/download/track/4393/mp32/,4393.mp3,postrock
4394,La bicyclette,DIY-note,Ruptures,260.0,https://prod-1.storage.jamendo.com/download/track/4394/mp32/,4394.mp3,experimental
4395,Chowbiz,DIY-note,Ruptures,259.0,https://prod-1.storage.jamendo.com/download/track/4395/mp32/,4395.mp3,rock
4396,Trilogy,DIY-note,Ruptures,309.0,https://prod-1.storage.jamendo.com/download/track/4396/mp32/,4396.mp3,rock
4397,No way,DIY-note,Ruptures,272.0,https://prod-1.storage.jamendo.com/download/track/4397/mp32/,4397.mp3,rock
4398,El despertar,DIY-note,Ruptures,252.0,https://prod-1.storage.jamendo.com/download/track/4398/mp32/,4398.mp3,postrock
4399,Palika Bazaar,DIY-note,Ruptures,340.0,https://prod-1.storage.jamendo.com/download/track/4399/mp32/,4399.mp3,rock
4400,Conte écourté,DIY-note,Ruptures,183.0,https://prod-1.storage.jamendo.com/download/track/4400/mp32/,4400.mp3,rock
4401,Endless night,DIY-note,Ruptures,265.0,https://prod-1.storage.jamendo.com/download/track/4401/mp32/,4401.mp3,rock
4402,Raining outside,DIY-note,Ruptures,487.0,https://prod-1.storage.jamendo.com/download/track/4402/mp32/,4402.mp3,rock
4424,Year one,Schizoidal,Breezy demolition EP,297.0,https://prod-1.storage.jamendo.com/download/track/4424/mp32/,4424.mp3,rock
4425,Catapult,Schizoidal,Breezy demolition EP,256.0,https://prod-1.storage.jamendo.com/download/track/4425/mp32/,4425.mp3,rock
4426,Destruct,Schizoidal,Breezy demolition EP,331.0,https://prod-1.storage.jamendo.com/download/track/4426/mp32/,4426.mp3,rock
4427,Outburst art exhibit,Schizoidal,Breezy demolition EP,283.0,https://prod-1.storage.jamendo.com/download/track/4427/mp32/,4427.mp3,rock
4432,Laurie,DJ Black Red,Laurie,483.0,https://prod-1.storage.jamendo.com/download/track/4432/mp32/,4432.mp3,electronic
4433,Find your Muse,DJ Black Red,Laurie,408.0,https://prod-1.storage.jamendo.com/download/track/4433/mp32/,4433.mp3,electronic
4434,Mecanicall,DJ Black Red,Laurie,602.0,https://prod-1.storage.jamendo.com/download/track/4434/mp32/,4434.mp3,electronic
4435,Geeks,DJ Black Red,Laurie,426.0,https://prod-1.storage.jamendo.com/download/track/4435/mp32/,4435.mp3,electronic
4436,Hearted,DJ Black Red,Laurie,645.0,https://prod-1.storage.jamendo.com/download/track/4436/mp32/,4436.mp3,electronic
4437,Waiting...,DJ Black Red,Laurie,226.0,https://prod-1.storage.jamendo.com/download/track/4437/mp32/,4437.mp3,electronic
4438,Lucky Dude,DJ Black Red,Laurie,456.0,https://prod-1.storage.jamendo.com/download/track/4438/mp32/,4438.mp3,electronic
4439,Black Light,DJ Black Red,Laurie,598.0,https://prod-1.storage.jamendo.com/download/track/4439/mp32/,4439.mp3,electronic
4440,1+1=1 (Luvyosoumachygatmud part 2),DJ Black Red,Laurie,798.0,https://prod-1.storage.jamendo.com/download/track/4440/mp32/,4440.mp3,electronic
4628,Nature song,Alexander Blu,Some of my works from 1995-2005,312.0,https://prod-1.storage.jamendo.com/download/track/4628/mp32/,4628.mp3,electronic
4629,By night,Alexander Blu,Some of my works from 1995-2005,180.0,https://prod-1.storage.jamendo.com/download/track/4629/mp32/,4629.mp3,ambient
4630,Man with long hair,Alexander Blu,Some of my works from 1995-2005,303.0,https://prod-1.storage.jamendo.com/download/track/4630/mp32/,4630.mp3,filmscore
4631,Moderato,Alexander Blu,Some of my works from 1995-2005,334.0,https://prod-1.storage.jamendo.com/download/track/4631/mp32/,4631.mp3,downtempo
4632,Jan song,Alexander Blu,Some of my works from 1995-2005,294.0,https://prod-1.storage.jamendo.com/download/track/4632/mp32/,4632.mp3,downtempo
4633,Slow mind,Alexander Blu,Some of my works from 1995-2005,217.0,https://prod-1.storage.jamendo.com/download/track/4633/mp32/,4633.mp3,newage
4634,Teacher,Alexander Blu,Some of my works from 1995-2005,297.0,https://prod-1.storage.jamendo.com/download/track/4634/mp32/,4634.mp3,triphop
4635,East,Alexander Blu,Some of my works from 1995-2005,272.0,https://prod-1.storage.jamendo.com/download/track/4635/mp32/,4635.mp3,ambient
4636,Electro blues,Alexander Blu,Some of my works from 1995-2005,239.0,https://prod-1.storage.jamendo.com/download/track/4636/mp32/,4636.mp3,house
4637,Instrumental,Alexander Blu,Some of my works from 1995-2005,238.0,https://prod-1.storage.jamendo.com/download/track/4637/mp32/,4637.mp3,alternativerock
4638,Childhood (lullaby),Alexander Blu,Some of my works from 1995-2005,180.0,https://prod-1.storage.jamendo.com/download/track/4638/mp32/,4638.mp3,ambient
4639,New day,Alexander Blu,Some of my works from 1995-2005,187.0,https://prod-1.storage.jamendo.com/download/track/4639/mp32/,4639.mp3,newage
4640,Independent,Alexander Blu,Some of my works from 1995-2005,262.0,https://prod-1.storage.jamendo.com/download/track/4640/mp32/,4640.mp3,downtempo
4644,la belle histoire,Sylvain Piron,fleur de ciel,154.0,https://prod-1.storage.jamendo.com/download/track/4644/mp32/,4644.mp3,world
4645,allons au jardin,Sylvain Piron,fleur de ciel,124.0,https://prod-1.storage.jamendo.com/download/track/4645/mp32/,4645.mp3,world
4646,"la pluie, le vin",Sylvain Piron,fleur de ciel,147.0,https://prod-1.storage.jamendo.com/download/track/4646/mp32/,4646.mp3,world
4647,paysage d'Alsace,Sylvain Piron,fleur de ciel,196.0,https://prod-1.storage.jamendo.com/download/track/4647/mp32/,4647.mp3,world
4648,chez la mère Thébault,Sylvain Piron,fleur de ciel,152.0,https://prod-1.storage.jamendo.com/download/track/4648/mp32/,4648.mp3,folk
4649,les trois marins de Nantes,Sylvain Piron,fleur de ciel,207.0,https://prod-1.storage.jamendo.com/download/track/4649/mp32/,4649.mp3,world
4650,la chanson du commerçant,Sylvain Piron,fleur de ciel,165.0,https://prod-1.storage.jamendo.com/download/track/4650/mp32/,4650.mp3,world
4651,flocons de silence,Sylvain Piron,fleur de ciel,208.0,https://prod-1.storage.jamendo.com/download/track/4651/mp32/,4651.mp3,folk
4652,c'te sacrée dent,Sylvain Piron,fleur de ciel,193.0,https://prod-1.storage.jamendo.com/download/track/4652/mp32/,4652.mp3,folk
4653,qui se lèvera ?,Sylvain Piron,fleur de ciel,166.0,https://prod-1.storage.jamendo.com/download/track/4653/mp32/,4653.mp3,folk
4654,le petit matin & digère ta choucroute,Sylvain Piron,fleur de ciel,181.0,https://prod-1.storage.jamendo.com/download/track/4654/mp32/,4654.mp3,world
4655,à force...,Sylvain Piron,fleur de ciel,206.0,https://prod-1.storage.jamendo.com/download/track/4655/mp32/,4655.mp3,folk
4687,Regards,olivier dour,D'ici et d'ailleurs,215.0,https://prod-1.storage.jamendo.com/download/track/4687/mp32/,4687.mp3,pop
4880,What Cool,Tom La Meche,Voyageur,214.0,https://prod-1.storage.jamendo.com/download/track/4880/mp32/,4880.mp3,jazz
4881,3 Chaleurs,Tom La Meche,Voyageur,148.0,https://prod-1.storage.jamendo.com/download/track/4881/mp32/,4881.mp3,jazz
4882,Orientale,Tom La Meche,Voyageur,210.0,https://prod-1.storage.jamendo.com/download/track/4882/mp32/,4882.mp3,jazz
4883,Pan,Tom La Meche,Voyageur,249.0,https://prod-1.storage.jamendo.com/download/track/4883/mp32/,4883.mp3,world
4884,Transe formation,Tom La Meche,Voyageur,220.0,https://prod-1.storage.jamendo.com/download/track/4884/mp32/,4884.mp3,world
4885,Ver de Lune,Tom La Meche,Voyageur,214.0,https://prod-1.storage.jamendo.com/download/track/4885/mp32/,4885.mp3,jazz
4886,Ville de Crystal,Tom La Meche,Voyageur,210.0,https://prod-1.storage.jamendo.com/download/track/4886/mp32/,4886.mp3,jazz
4887,Voyageur,Tom La Meche,Voyageur,251.0,https://prod-1.storage.jamendo.com/download/track/4887/mp32/,4887.mp3,jazz
4888,Souvenir,Tom La Meche,Voyageur,87.0,https://prod-1.storage.jamendo.com/download/track/4888/mp32/,4888.mp3,classical
4889,Rêve,Tom La Meche,Voyageur,178.0,https://prod-1.storage.jamendo.com/download/track/4889/mp32/,4889.mp3,world
4890,Réveil,Tom La Meche,Voyageur,374.0,https://prod-1.storage.jamendo.com/download/track/4890/mp32/,4890.mp3,jazz
4934,Dark Garden,nino,Unexpected error,188.0,https://prod-1.storage.jamendo.com/download/track/4934/mp32/,4934.mp3,electronic
4935,9 inch later,nino,Unexpected error,207.0,https://prod-1.storage.jamendo.com/download/track/4935/mp32/,4935.mp3,electronic
4936,Electrocardioïde,nino,Unexpected error,259.0,https://prod-1.storage.jamendo.com/download/track/4936/mp32/,4936.mp3,electronic
4937,Bracketting,nino,Unexpected error,258.0,https://prod-1.storage.jamendo.com/download/track/4937/mp32/,4937.mp3,electronic
4938,Backspleen,nino,Unexpected error,188.0,https://prod-1.storage.jamendo.com/download/track/4938/mp32/,4938.mp3,electronic
4939,Toymaker to royalties,nino,Unexpected error,245.0,https://prod-1.storage.jamendo.com/download/track/4939/mp32/,4939.mp3,electronic
4958,Back to home,Auto/Sexual,Four tracks EP,400.0,https://prod-1.storage.jamendo.com/download/track/4958/mp32/,4958.mp3,rock
4959,Life damage,Auto/Sexual,Four tracks EP,362.0,https://prod-1.storage.jamendo.com/download/track/4959/mp32/,4959.mp3,rock
4960,Wish you were not here,Auto/Sexual,Four tracks EP,327.0,https://prod-1.storage.jamendo.com/download/track/4960/mp32/,4960.mp3,rock
4961,Everything is under control,Auto/Sexual,Four tracks EP,243.0,https://prod-1.storage.jamendo.com/download/track/4961/mp32/,4961.mp3,rock
4980,Lalasong,TRENT,De simples petits humains (2005),124.0,https://prod-1.storage.jamendo.com/download/track/4980/mp32/,4980.mp3,pop
4981,Emmène moi,TRENT,De simples petits humains (2005),239.0,https://prod-1.storage.jamendo.com/download/track/4981/mp32/,4981.mp3,pop
4982,Sous la lumière,TRENT,De simples petits humains (2005),248.0,https://prod-1.storage.jamendo.com/download/track/4982/mp32/,4982.mp3,pop
4983,Envie,TRENT,De simples petits humains (2005),342.0,https://prod-1.storage.jamendo.com/download/track/4983/mp32/,4983.mp3,pop
4984,Star,TRENT,De simples petits humains (2005),292.0,https://prod-1.storage.jamendo.com/download/track/4984/mp32/,4984.mp3,pop
4985,Comme au paradis,TRENT,De simples petits humains (2005),246.0,https://prod-1.storage.jamendo.com/download/track/4985/mp32/,4985.mp3,pop
5083,Rencontre du 7ième type,Tom La Meche,Personnel,165.0,https://prod-1.storage.jamendo.com/download/track/5083/mp32/,5083.mp3,experimental
5084,Groovy E-T Funk,Tom La Meche,Personnel,205.0,https://prod-1.storage.jamendo.com/download/track/5084/mp32/,5084.mp3,jazz
5085,The Virtual Car,Tom La Meche,Personnel,252.0,https://prod-1.storage.jamendo.com/download/track/5085/mp32/,5085.mp3,jazz
5086,Indian Dream,Tom La Meche,Personnel,234.0,https://prod-1.storage.jamendo.com/download/track/5086/mp32/,5086.mp3,jazz
5087,Roulade,Tom La Meche,Personnel,109.0,https://prod-1.storage.jamendo.com/download/track/5087/mp32/,5087.mp3,jazz
5088,Bleu Nuit,Tom La Meche,Personnel,230.0,https://prod-1.storage.jamendo.com/download/track/5088/mp32/,5088.mp3,jazz
5089,Gros Papa noël,Tom La Meche,Personnel,102.0,https://prod-1.storage.jamendo.com/download/track/5089/mp32/,5089.mp3,jazz
5090,Novembre,Tom La Meche,Personnel,163.0,https://prod-1.storage.jamendo.com/download/track/5090/mp32/,5090.mp3,jazz
5091,Paris needs the Games,Tom La Meche,Personnel,274.0,https://prod-1.storage.jamendo.com/download/track/5091/mp32/,5091.mp3,jazz
5139,01 Les Jardins Japonais,Sans Bagage,Sans Bagage,326.0,https://prod-1.storage.jamendo.com/download/track/5139/mp32/,5139.mp3,pop
5140,02 J'Attends mon Tour,Sans Bagage,Sans Bagage,299.0,https://prod-1.storage.jamendo.com/download/track/5140/mp32/,5140.mp3,pop
5141,03 La Laisse,Sans Bagage,Sans Bagage,232.0,https://prod-1.storage.jamendo.com/download/track/5141/mp32/,5141.mp3,pop
5142,04 Météo Marine,Sans Bagage,Sans Bagage,245.0,https://prod-1.storage.jamendo.com/download/track/5142/mp32/,5142.mp3,pop
5143,05 L'Irlandaise,Sans Bagage,Sans Bagage,216.0,https://prod-1.storage.jamendo.com/download/track/5143/mp32/,5143.mp3,pop
5144,06 Prêtes moi tes Lunettes,Sans Bagage,Sans Bagage,322.0,https://prod-1.storage.jamendo.com/download/track/5144/mp32/,5144.mp3,pop
5145,07 Roissy,Sans Bagage,Sans Bagage,313.0,https://prod-1.storage.jamendo.com/download/track/5145/mp32/,5145.mp3,pop
5146,08 Adieu,Sans Bagage,Sans Bagage,222.0,https://prod-1.storage.jamendo.com/download/track/5146/mp32/,5146.mp3,pop
5147,09 Le Temps des Cerfs Volants,Sans Bagage,Sans Bagage,376.0,https://prod-1.storage.jamendo.com/download/track/5147/mp32/,5147.mp3,pop
5206,Coming,The shining men,Hole EP,228.0,https://prod-1.storage.jamendo.com/download/track/5206/mp32/,5206.mp3,rock
5207,In the beginning,The shining men,Hole EP,270.0,https://prod-1.storage.jamendo.com/download/track/5207/mp32/,5207.mp3,rock
5208,Living in the hole,The shining men,Hole EP,203.0,https://prod-1.storage.jamendo.com/download/track/5208/mp32/,5208.mp3,rock
5209,Whales,The shining men,Hole EP,227.0,https://prod-1.storage.jamendo.com/download/track/5209/mp32/,5209.mp3,rock
5218,Grizzly,The shining men,Terminal EP,240.0,https://prod-1.storage.jamendo.com/download/track/5218/mp32/,5218.mp3,rock
5219,Shine to shine,The shining men,Terminal EP,270.0,https://prod-1.storage.jamendo.com/download/track/5219/mp32/,5219.mp3,rock
5220,Shake the snake,The shining men,Terminal EP,246.0,https://prod-1.storage.jamendo.com/download/track/5220/mp32/,5220.mp3,rock
5221,Maze,The shining men,Terminal EP,265.0,https://prod-1.storage.jamendo.com/download/track/5221/mp32/,5221.mp3,rock
5222,Dark Mathematics,day one a porno,Emergency Calls,253.0,https://prod-1.storage.jamendo.com/download/track/5222/mp32/,5222.mp3,rock
5241,Dangerous minds,Urmal Vesnat,Cyberline EP,537.0,https://prod-1.storage.jamendo.com/download/track/5241/mp32/,5241.mp3,rock
5242,Research,Urmal Vesnat,Cyberline EP,288.0,https://prod-1.storage.jamendo.com/download/track/5242/mp32/,5242.mp3,rock
5243,Red flux,Urmal Vesnat,Cyberline EP,454.0,https://prod-1.storage.jamendo.com/download/track/5243/mp32/,5243.mp3,rock
5244,Space patrol,Urmal Vesnat,Cyberline EP,459.0,https://prod-1.storage.jamendo.com/download/track/5244/mp32/,5244.mp3,electronic
5339,Cellule,Silence,L'autre endroit,220.0,https://prod-1.storage.jamendo.com/download/track/5339/mp32/,5339.mp3,alternativerock
5340,Réalité,Silence,L'autre endroit,231.0,https://prod-1.storage.jamendo.com/download/track/5340/mp32/,5340.mp3,electronic
5341,Stop!,Silence,L'autre endroit,248.0,https://prod-1.storage.jamendo.com/download/track/5341/mp32/,5341.mp3,electronic
5342,Expérience,Silence,L'autre endroit,84.0,https://prod-1.storage.jamendo.com/download/track/5342/mp32/,5342.mp3,rock
5343,Effacé,Silence,L'autre endroit,363.0,https://prod-1.storage.jamendo.com/download/track/5343/mp32/,5343.mp3,darkambient
5344,Sale,Silence,L'autre endroit,139.0,https://prod-1.storage.jamendo.com/download/track/5344/mp32/,5344.mp3,triphop
5345,Particule,Silence,L'autre endroit,268.0,https://prod-1.storage.jamendo.com/download/track/5345/mp32/,5345.mp3,electronic
5346,Larmes,Silence,L'autre endroit,202.0,https://prod-1.storage.jamendo.com/download/track/5346/mp32/,5346.mp3,experimental
5347,Follow me,Silence,L'autre endroit,239.0,https://prod-1.storage.jamendo.com/download/track/5347/mp32/,5347.mp3,electrorock
5386,The weakening,The shining men,From outer space,293.0,https://prod-1.storage.jamendo.com/download/track/5386/mp32/,5386.mp3,rock
5387,Blue tar,The shining men,From outer space,292.0,https://prod-1.storage.jamendo.com/download/track/5387/mp32/,5387.mp3,rock
5388,A guy like me,The shining men,From outer space,274.0,https://prod-1.storage.jamendo.com/download/track/5388/mp32/,5388.mp3,rock
5389,Substructure discovering,The shining men,From outer space,290.0,https://prod-1.storage.jamendo.com/download/track/5389/mp32/,5389.mp3,rock
5390,Koala,The shining men,From outer space,252.0,https://prod-1.storage.jamendo.com/download/track/5390/mp32/,5390.mp3,rock
5391,Koala (A remix),The shining men,From outer space,366.0,https://prod-1.storage.jamendo.com/download/track/5391/mp32/,5391.mp3,rock
5392,Dodgy friction,The shining men,From outer space,369.0,https://prod-1.storage.jamendo.com/download/track/5392/mp32/,5392.mp3,rock
5393,Sunny voices,The shining men,From outer space,257.0,https://prod-1.storage.jamendo.com/download/track/5393/mp32/,5393.mp3,rock
5394,Navigate,The shining men,From outer space,394.0,https://prod-1.storage.jamendo.com/download/track/5394/mp32/,5394.mp3,rock
5395,Moonlight & desire,The shining men,From outer space,517.0,https://prod-1.storage.jamendo.com/download/track/5395/mp32/,5395.mp3,rock
5396,You and I,The shining men,From outer space,612.0,https://prod-1.storage.jamendo.com/download/track/5396/mp32/,5396.mp3,rock
5412,Welcome to the masquerade,Ataraxia Rebel Force,Some schematic ways of thinking EP,292.0,https://prod-1.storage.jamendo.com/download/track/5412/mp32/,5412.mp3,rock
5413,In case of emergency,Ataraxia Rebel Force,Some schematic ways of thinking EP,288.0,https://prod-1.storage.jamendo.com/download/track/5413/mp32/,5413.mp3,rock
5414,Nebulization,Ataraxia Rebel Force,Some schematic ways of thinking EP,274.0,https://prod-1.storage.jamendo.com/download/track/5414/mp32/,5414.mp3,rock
5415,Cipher loving,Ataraxia Rebel Force,Some schematic ways of thinking EP,236.0,https://prod-1.storage.jamendo.com/download/track/5415/mp32/,5415.mp3,rock
5482,Linstru,Systylé,Loin d'en naître,313.0,https://prod-1.storage.jamendo.com/download/track/5482/mp32/,5482.mp3,rock
5483,Bahbushska,Systylé,Loin d'en naître,445.0,https://prod-1.storage.jamendo.com/download/track/5483/mp32/,5483.mp3,pop
5484,Fait néant,Systylé,Loin d'en naître,316.0,https://prod-1.storage.jamendo.com/download/track/5484/mp32/,5484.mp3,world
5485,J'ai connu des man,Systylé,Loin d'en naître,382.0,https://prod-1.storage.jamendo.com/download/track/5485/mp32/,5485.mp3,pop
5486,Communication,Systylé,Loin d'en naître,756.0,https://prod-1.storage.jamendo.com/download/track/5486/mp32/,5486.mp3,pop
5488,Out Of Sight,Daniele Torelli,Without the People,302.0,https://prod-1.storage.jamendo.com/download/track/5488/mp32/,5488.mp3,pop
5489,Pulsating Tune,Daniele Torelli,Without the People,263.0,https://prod-1.storage.jamendo.com/download/track/5489/mp32/,5489.mp3,pop
5490,Autumn,Daniele Torelli,Without the People,234.0,https://prod-1.storage.jamendo.com/download/track/5490/mp32/,5490.mp3,pop
5491,Oversize Factory,Daniele Torelli,Without the People,221.0,https://prod-1.storage.jamendo.com/download/track/5491/mp32/,5491.mp3,pop
5492,Astonishing People,Daniele Torelli,Without the People,266.0,https://prod-1.storage.jamendo.com/download/track/5492/mp32/,5492.mp3,pop
5493,Cell Phones Work Much Better Underwater,Daniele Torelli,Without the People,222.0,https://prod-1.storage.jamendo.com/download/track/5493/mp32/,5493.mp3,pop
5494,Icy,Daniele Torelli,Without the People,216.0,https://prod-1.storage.jamendo.com/download/track/5494/mp32/,5494.mp3,pop
5495,White Nightmare,Daniele Torelli,Without the People,277.0,https://prod-1.storage.jamendo.com/download/track/5495/mp32/,5495.mp3,pop
5496,Fresh Ass Cleaner,Daniele Torelli,Without the People,179.0,https://prod-1.storage.jamendo.com/download/track/5496/mp32/,5496.mp3,pop
5497,We Are The 2 And 9,Daniele Torelli,Without the People,238.0,https://prod-1.storage.jamendo.com/download/track/5497/mp32/,5497.mp3,pop
5498,Nulla Reazione (ast. people part 2),Daniele Torelli,Without the People,221.0,https://prod-1.storage.jamendo.com/download/track/5498/mp32/,5498.mp3,pop
5634,Wandering heart,Xcyril,Organique,233.0,https://prod-1.storage.jamendo.com/download/track/5634/mp32/,5634.mp3,electronic
5635,I need her but...,Xcyril,Organique,232.0,https://prod-1.storage.jamendo.com/download/track/5635/mp32/,5635.mp3,electronic
5636,We are not compatible,Xcyril,Organique,277.0,https://prod-1.storage.jamendo.com/download/track/5636/mp32/,5636.mp3,electronic
5637,Impossible choice,Xcyril,Organique,334.0,https://prod-1.storage.jamendo.com/download/track/5637/mp32/,5637.mp3,electronic
5638,The shouting of the animal,Xcyril,Organique,225.0,https://prod-1.storage.jamendo.com/download/track/5638/mp32/,5638.mp3,electronic
5639,A rickety step,Xcyril,Organique,178.0,https://prod-1.storage.jamendo.com/download/track/5639/mp32/,5639.mp3,electronic
5640,In Morpheus' Arms,Xcyril,Organique,227.0,https://prod-1.storage.jamendo.com/download/track/5640/mp32/,5640.mp3,electronic
5641,Painful alarm clock at the cucurbitaceous ones,Xcyril,Organique,215.0,https://prod-1.storage.jamendo.com/download/track/5641/mp32/,5641.mp3,rock
5642,Return to the house,Xcyril,Organique,217.0,https://prod-1.storage.jamendo.com/download/track/5642/mp32/,5642.mp3,electronic
5643,I am fed up there,Xcyril,Organique,231.0,https://prod-1.storage.jamendo.com/download/track/5643/mp32/,5643.mp3,electronic
5695,Inertia,The TenGooz,Inertia,267.0,https://prod-1.storage.jamendo.com/download/track/5695/mp32/,5695.mp3,pop
5696,Let It Slide(Pop),The TenGooz,Inertia,190.0,https://prod-1.storage.jamendo.com/download/track/5696/mp32/,5696.mp3,pop
5697,Stranger(Poppy Rocker),The TenGooz,Inertia,280.0,https://prod-1.storage.jamendo.com/download/track/5697/mp32/,5697.mp3,pop
5698,Johnny l...(Reggae and Punk),The TenGooz,Inertia,222.0,https://prod-1.storage.jamendo.com/download/track/5698/mp32/,5698.mp3,reggae
5699,Infatuation(Funky-Soul),The TenGooz,Inertia,326.0,https://prod-1.storage.jamendo.com/download/track/5699/mp32/,5699.mp3,pop
5700,Face to Face(Rock),The TenGooz,Inertia,160.0,https://prod-1.storage.jamendo.com/download/track/5700/mp32/,5700.mp3,pop
5701,Kanashibari(creepy reggae),The TenGooz,Inertia,182.0,https://prod-1.storage.jamendo.com/download/track/5701/mp32/,5701.mp3,pop
5702,Bombs Away(Funk),The TenGooz,Inertia,192.0,https://prod-1.storage.jamendo.com/download/track/5702/mp32/,5702.mp3,rnb
5749,Big Bang,SMILEY,Attention aux mélanges !,292.0,https://prod-1.storage.jamendo.com/download/track/5749/mp32/,5749.mp3,rock
5750,Na Zdrowie,SMILEY,Attention aux mélanges !,242.0,https://prod-1.storage.jamendo.com/download/track/5750/mp32/,5750.mp3,rock
5751,Fils de P***,SMILEY,Attention aux mélanges !,292.0,https://prod-1.storage.jamendo.com/download/track/5751/mp32/,5751.mp3,rock
5752,Libre,SMILEY,Attention aux mélanges !,202.0,https://prod-1.storage.jamendo.com/download/track/5752/mp32/,5752.mp3,rock
5753,Les Ristoux,SMILEY,Attention aux mélanges !,350.0,https://prod-1.storage.jamendo.com/download/track/5753/mp32/,5753.mp3,rock
5754,Powerdub,SMILEY,Attention aux mélanges !,442.0,https://prod-1.storage.jamendo.com/download/track/5754/mp32/,5754.mp3,rock
5783,Meant to Be,Rob Costlow,Woods of Chaos,268.0,https://prod-1.storage.jamendo.com/download/track/5783/mp32/,5783.mp3,contemporarypiano
5784,Reflections,Rob Costlow,Woods of Chaos,292.0,https://prod-1.storage.jamendo.com/download/track/5784/mp32/,5784.mp3,newage
5785,Semester Days,Rob Costlow,Woods of Chaos,243.0,https://prod-1.storage.jamendo.com/download/track/5785/mp32/,5785.mp3,newage
5786,Friend,Rob Costlow,Woods of Chaos,240.0,https://prod-1.storage.jamendo.com/download/track/5786/mp32/,5786.mp3,newage
5787,True Gemini,Rob Costlow,Woods of Chaos,353.0,https://prod-1.storage.jamendo.com/download/track/5787/mp32/,5787.mp3,newage
5788,Down the Road,Rob Costlow,Woods of Chaos,220.0,https://prod-1.storage.jamendo.com/download/track/5788/mp32/,5788.mp3,newage
5789,Tulip Trees,Rob Costlow,Woods of Chaos,273.0,https://prod-1.storage.jamendo.com/download/track/5789/mp32/,5789.mp3,newage
5790,Not Alone,Rob Costlow,Woods of Chaos,376.0,https://prod-1.storage.jamendo.com/download/track/5790/mp32/,5790.mp3,newage
5791,Woods of Chaos,Rob Costlow,Woods of Chaos,284.0,https://prod-1.storage.jamendo.com/download/track/5791/mp32/,5791.mp3,newage
5792,Twilight,Rob Costlow,Woods of Chaos,248.0,https://prod-1.storage.jamendo.com/download/track/5792/mp32/,5792.mp3,filmscore
5793,I Do,Rob Costlow,Sophomore Jinx,207.0,https://prod-1.storage.jamendo.com/download/track/5793/mp32/,5793.mp3,contemporarypiano
5794,L.A./Passing By,Rob Costlow,Sophomore Jinx,508.0,https://prod-1.storage.jamendo.com/download/track/5794/mp32/,5794.mp3,newage
5795,Lost or Found,Rob Costlow,Sophomore Jinx,258.0,https://prod-1.storage.jamendo.com/download/track/5795/mp32/,5795.mp3,newage
5796,Summer Garden,Rob Costlow,Sophomore Jinx,286.0,https://prod-1.storage.jamendo.com/download/track/5796/mp32/,5796.mp3,newage
5797,Bliss,Rob Costlow,Sophomore Jinx,474.0,https://prod-1.storage.jamendo.com/download/track/5797/mp32/,5797.mp3,newage
5798,Forever,Rob Costlow,Sophomore Jinx,308.0,https://prod-1.storage.jamendo.com/download/track/5798/mp32/,5798.mp3,contemporarypiano
5799,Goodbyes,Rob Costlow,Sophomore Jinx,385.0,https://prod-1.storage.jamendo.com/download/track/5799/mp32/,5799.mp3,newage
5800,Oceans,Rob Costlow,Sophomore Jinx,285.0,https://prod-1.storage.jamendo.com/download/track/5800/mp32/,5800.mp3,newage
5801,Family,Rob Costlow,Sophomore Jinx,299.0,https://prod-1.storage.jamendo.com/download/track/5801/mp32/,5801.mp3,newage
5802,Le mirage,Matieu,Des mots,343.0,https://prod-1.storage.jamendo.com/download/track/5802/mp32/,5802.mp3,rock
5803,Ton sourire,Matieu,Des mots,255.0,https://prod-1.storage.jamendo.com/download/track/5803/mp32/,5803.mp3,rock
5804,Des espoirs,Matieu,Des mots,281.0,https://prod-1.storage.jamendo.com/download/track/5804/mp32/,5804.mp3,pop
5805,Aliss,Matieu,Des mots,298.0,https://prod-1.storage.jamendo.com/download/track/5805/mp32/,5805.mp3,pop
5806,"LIBERTE, LIBERTE",DRDJEKILL,DRDJEKILL 2,241.0,https://prod-1.storage.jamendo.com/download/track/5806/mp32/,5806.mp3,latin
5807,CINEMA,DRDJEKILL,DRDJEKILL 2,243.0,https://prod-1.storage.jamendo.com/download/track/5807/mp32/,5807.mp3,pop
5808,MY BABY' ROCK,DRDJEKILL,DRDJEKILL 2,213.0,https://prod-1.storage.jamendo.com/download/track/5808/mp32/,5808.mp3,pop
5809,MARIE-JEANNE,DRDJEKILL,DRDJEKILL 2,217.0,https://prod-1.storage.jamendo.com/download/track/5809/mp32/,5809.mp3,pop
5810,GIL' S LOVER,DRDJEKILL,DRDJEKILL 2,184.0,https://prod-1.storage.jamendo.com/download/track/5810/mp32/,5810.mp3,pop
5811,CHOSE ETRANGE,DRDJEKILL,DRDJEKILL 2,172.0,https://prod-1.storage.jamendo.com/download/track/5811/mp32/,5811.mp3,pop
5824,My life is better than yours,Schizoidal,Wasted youth EP,283.0,https://prod-1.storage.jamendo.com/download/track/5824/mp32/,5824.mp3,rock
5825,Analogic metal,Schizoidal,Wasted youth EP,331.0,https://prod-1.storage.jamendo.com/download/track/5825/mp32/,5825.mp3,rock
5826,Surf on Mars,Schizoidal,Wasted youth EP,907.0,https://prod-1.storage.jamendo.com/download/track/5826/mp32/,5826.mp3,rock
5827,Sentences pronounced in the dark,Urmal Vesnat,Dark sounds EP,340.0,https://prod-1.storage.jamendo.com/download/track/5827/mp32/,5827.mp3,rock
5828,Drawing the line of life,Urmal Vesnat,Dark sounds EP,402.0,https://prod-1.storage.jamendo.com/download/track/5828/mp32/,5828.mp3,rock
5829,Wave chasing,Urmal Vesnat,Dark sounds EP,418.0,https://prod-1.storage.jamendo.com/download/track/5829/mp32/,5829.mp3,rock
5830,Saving force,Urmal Vesnat,Dark sounds EP,436.0,https://prod-1.storage.jamendo.com/download/track/5830/mp32/,5830.mp3,rock
5831,Marvemous stars,Urmal Vesnat,Dark sounds EP,474.0,https://prod-1.storage.jamendo.com/download/track/5831/mp32/,5831.mp3,rock
5856,Strange Chord(Crazy Blues),The TenGooz,Strange Chord,277.0,https://prod-1.storage.jamendo.com/download/track/5856/mp32/,5856.mp3,rnb
5857,Picture Perfect(Soulfull funk),The TenGooz,Strange Chord,213.0,https://prod-1.storage.jamendo.com/download/track/5857/mp32/,5857.mp3,rnb
5858,Running(Reggae and Ska),The TenGooz,Strange Chord,419.0,https://prod-1.storage.jamendo.com/download/track/5858/mp32/,5858.mp3,rnb
5859,Clear Skies(Happy Pop),The TenGooz,Strange Chord,184.0,https://prod-1.storage.jamendo.com/download/track/5859/mp32/,5859.mp3,rnb
5937,Nene,Teäl,Inh EP,271.0,https://prod-1.storage.jamendo.com/download/track/5937/mp32/,5937.mp3,rock
5938,Nanoohide,Teäl,Inh EP,207.0,https://prod-1.storage.jamendo.com/download/track/5938/mp32/,5938.mp3,rock
